ID,Type,Number,Date,cpu_temp,system,signal,prn,channel_id,acq_delay_samples,acq_doppler_hz,acq_samplestamp_samples,acq_doppler_step,flag_valid_acquisition,fs,prompt_i,prompt_q,cn0_db_hz,carrier_doppler_hz,carrier_phase_rads,code_phase_samples,tracking_sample_counter,flag_valid_symbol_output,correlation_length_ms,flag_valid_word,tow_at_current_symbol_ms,pseudorange_m,rx_time,flag_valid_pseudorange,interp_tow_ms,flag_PLL_180_deg_phase_locked
ERRE,GNSS-SDR,5400,2024-01-08 17:26:20.290415,46,None,None,None,None,None,None,None,None,None,None,None,None,None,None,None,None,None,None,None,None,None,None,None,None,None,None
ERRE,GNSS-SDR,5401,2024-01-08 17:26:20.508001,46,None,None,None,None,None,None,None,None,None,None,None,None,None,None,None,None,None,None,None,None,None,None,None,None,None,None
ERRE,GNSS-SDR,5402,2024-01-08 17:26:20.723823,46,None,None,None,None,None,None,None,None,None,None,None,None,None,None,None,None,None,None,None,None,None,None,None,None,None,None
ERRE,GNSS-SDR,5403,2024-01-08 17:26:20.942503,46,None,None,None,None,None,None,None,None,None,None,None,None,None,None,None,None,None,None,None,None,None,None,None,None,None,None
ERRE,GNSS-SDR,5404,2024-01-08 17:26:21.161246,46,None,None,None,None,None,None,None,None,None,None,None,None,None,None,None,None,None,None,None,None,None,None,None,None,None,None
ERRE,GNSS-SDR,5405,2024-01-08 17:26:21.388170,46,None,None,None,None,None,None,None,None,None,None,None,None,None,None,None,None,None,None,None,None,None,None,None,None,None,None
ERRE,GNSS-SDR,5406,2024-01-08 17:26:21.605575,46,None,None,None,None,None,None,None,None,None,None,None,None,None,None,None,None,None,None,None,None,None,None,None,None,None,None
ERRE,GNSS-SDR,5407,2024-01-08 17:26:21.851177,46,None,None,None,None,None,None,None,None,None,None,None,None,None,None,None,None,None,None,None,None,None,None,None,None,None,None
ERRE,GNSS-SDR,5408,2024-01-08 17:26:22.068452,46,None,None,None,None,None,None,None,None,None,None,None,None,None,None,None,None,None,None,None,None,None,None,None,None,None,None
ERRE,GNSS-SDR,5409,2024-01-08 17:26:22.286670,46,None,None,None,None,None,None,None,None,None,None,None,None,None,None,None,None,None,None,None,None,None,None,None,None,None,None
ERRE,GNSS-SDR,5410,2024-01-08 17:26:22.503608,46,None,None,None,None,None,None,None,None,None,None,None,None,None,None,None,None,None,None,None,None,None,None,None,None,None,None
ERRE,GNSS-SDR,5411,2024-01-08 17:26:22.721764,46,None,None,None,None,None,None,None,None,None,None,None,None,None,None,None,None,None,None,None,None,None,None,None,None,None,None
ERRE,GNSS-SDR,5412,2024-01-08 17:26:22.940866,46,None,None,None,None,None,None,None,None,None,None,None,None,None,None,None,None,None,None,None,None,None,None,None,None,None,None
ERRE,GNSS-SDR,5413,2024-01-08 17:26:23.159620,46,None,None,None,None,None,None,None,None,None,None,None,None,None,None,None,None,None,None,None,None,None,None,None,None,None,None
ERRE,GNSS-SDR,5414,2024-01-08 17:26:23.380762,46,None,None,None,None,None,None,None,None,None,None,None,None,None,None,None,None,None,None,None,None,None,None,None,None,None,None
ERRE,GNSS-SDR,5415,2024-01-08 17:26:23.596777,46,None,None,None,None,None,None,None,None,None,None,None,None,None,None,None,None,None,None,None,None,None,None,None,None,None,None
ERRE,GNSS-SDR,5416,2024-01-08 17:26:23.811644,46,None,None,None,None,None,None,None,None,None,None,None,None,None,None,None,None,None,None,None,None,None,None,None,None,None,None
ERRE,GNSS-SDR,5417,2024-01-08 17:26:24.031191,46,None,None,None,None,None,None,None,None,None,None,None,None,None,None,None,None,None,None,None,None,None,None,None,None,None,None
ERRE,GNSS-SDR,5418,2024-01-08 17:26:24.255259,46,None,None,None,None,None,None,None,None,None,None,None,None,None,None,None,None,None,None,None,None,None,None,None,None,None,None
ERRE,GNSS-SDR,5419,2024-01-08 17:26:24.474489,46,None,None,None,None,None,None,None,None,None,None,None,None,None,None,None,None,None,None,None,None,None,None,None,None,None,None
ERRE,GNSS-SDR,5420,2024-01-08 17:26:24.699905,46,None,None,None,None,None,None,None,None,None,None,None,None,None,None,None,None,None,None,None,None,None,None,None,None,None,None
ERRE,GNSS-SDR,5421,2024-01-08 17:26:24.917573,46,None,None,None,None,None,None,None,None,None,None,None,None,None,None,None,None,None,None,None,None,None,None,None,None,None,None
ERRE,GNSS-SDR,5422,2024-01-08 17:26:25.133239,46,None,None,None,None,None,None,None,None,None,None,None,None,None,None,None,None,None,None,None,None,None,None,None,None,None,None
ERRE,GNSS-SDR,5423,2024-01-08 17:26:25.350949,46,None,None,None,None,None,None,None,None,None,None,None,None,None,None,None,None,None,None,None,None,None,None,None,None,None,None
ERRE,GNSS-SDR,5424,2024-01-08 17:26:25.570340,46,None,None,None,None,None,None,None,None,None,None,None,None,None,None,None,None,None,None,None,None,None,None,None,None,None,None
ERRE,GNSS-SDR,5425,2024-01-08 17:26:25.790569,46,None,None,None,None,None,None,None,None,None,None,None,None,None,None,None,None,None,None,None,None,None,None,None,None,None,None
ERRE,GNSS-SDR,5426,2024-01-08 17:26:26.018020,46,None,None,None,None,None,None,None,None,None,None,None,None,None,None,None,None,None,None,None,None,None,None,None,None,None,None
ERRE,GNSS-SDR,5427,2024-01-08 17:26:26.240327,46,None,None,None,None,None,None,None,None,None,None,None,None,None,None,None,None,None,None,None,None,None,None,None,None,None,None
ERRE,GNSS-SDR,5428,2024-01-08 17:26:26.460941,46,None,None,None,None,None,None,None,None,None,None,None,None,None,None,None,None,None,None,None,None,None,None,None,None,None,None
ERRE,GNSS-SDR,5429,2024-01-08 17:26:26.681321,46,None,None,None,None,None,None,None,None,None,None,None,None,None,None,None,None,None,None,None,None,None,None,None,None,None,None
ERRE,GNSS-SDR,5430,2024-01-08 17:26:26.909531,46,None,None,None,None,None,None,None,None,None,None,None,None,None,None,None,None,None,None,None,None,None,None,None,None,None,None
ERRE,GNSS-SDR,5431,2024-01-08 17:26:27.138204,46,None,None,None,None,None,None,None,None,None,None,None,None,None,None,None,None,None,None,None,None,None,None,None,None,None,None
ERRE,GNSS-SDR,5432,2024-01-08 17:26:27.363660,46,None,None,None,None,None,None,None,None,None,None,None,None,None,None,None,None,None,None,None,None,None,None,None,None,None,None
ERRE,GNSS-SDR,5433,2024-01-08 17:26:27.585854,46,None,None,None,None,None,None,None,None,None,None,None,None,None,None,None,None,None,None,None,None,None,None,None,None,None,None
ERRE,GNSS-SDR,5434,2024-01-08 17:26:27.806831,46,None,None,None,None,None,None,None,None,None,None,None,None,None,None,None,None,None,None,None,None,None,None,None,None,None,None
ERRE,GNSS-SDR,5435,2024-01-08 17:26:28.033204,46,None,None,None,None,None,None,None,None,None,None,None,None,None,None,None,None,None,None,None,None,None,None,None,None,None,None
ERRE,GNSS-SDR,5436,2024-01-08 17:26:28.255186,46,None,None,None,None,None,None,None,None,None,None,None,None,None,None,None,None,None,None,None,None,None,None,None,None,None,None
ERRE,GNSS-SDR,5437,2024-01-08 17:26:28.484542,46,None,None,None,None,None,None,None,None,None,None,None,None,None,None,None,None,None,None,None,None,None,None,None,None,None,None
ERRE,GNSS-SDR,5438,2024-01-08 17:26:28.704201,46,None,None,None,None,None,None,None,None,None,None,None,None,None,None,None,None,None,None,None,None,None,None,None,None,None,None
ERRE,GNSS-SDR,5439,2024-01-08 17:26:28.925518,46,None,None,None,None,None,None,None,None,None,None,None,None,None,None,None,None,None,None,None,None,None,None,None,None,None,None
ERRE,GNSS-SDR,5440,2024-01-08 17:26:29.150139,46,None,None,None,None,None,None,None,None,None,None,None,None,None,None,None,None,None,None,None,None,None,None,None,None,None,None
ERRE,GNSS-SDR,5441,2024-01-08 17:26:29.373516,46,None,None,None,None,None,None,None,None,None,None,None,None,None,None,None,None,None,None,None,None,None,None,None,None,None,None
ERRE,GNSS-SDR,5442,2024-01-08 17:26:29.597494,46,None,None,None,None,None,None,None,None,None,None,None,None,None,None,None,None,None,None,None,None,None,None,None,None,None,None
ERRE,GNSS-SDR,5443,2024-01-08 17:26:29.823207,46,None,None,None,None,None,None,None,None,None,None,None,None,None,None,None,None,None,None,None,None,None,None,None,None,None,None
ERRE,GNSS-SDR,5444,2024-01-08 17:26:30.045357,46,None,None,None,None,None,None,None,None,None,None,None,None,None,None,None,None,None,None,None,None,None,None,None,None,None,None
ERRE,GNSS-SDR,5445,2024-01-08 17:26:30.266660,46,None,None,None,None,None,None,None,None,None,None,None,None,None,None,None,None,None,None,None,None,None,None,None,None,None,None
ERRE,GNSS-SDR,5446,2024-01-08 17:26:30.495235,46,None,None,None,None,None,None,None,None,None,None,None,None,None,None,None,None,None,None,None,None,None,None,None,None,None,None
ERRE,GNSS-SDR,5447,2024-01-08 17:26:30.718380,46,None,None,None,None,None,None,None,None,None,None,None,None,None,None,None,None,None,None,None,None,None,None,None,None,None,None
ERRE,GNSS-SDR,5448,2024-01-08 17:26:30.938511,46,None,None,None,None,None,None,None,None,None,None,None,None,None,None,None,None,None,None,None,None,None,None,None,None,None,None
ERRE,GNSS-SDR,5449,2024-01-08 17:26:31.159118,46,None,None,None,None,None,None,None,None,None,None,None,None,None,None,None,None,None,None,None,None,None,None,None,None,None,None
ERRE,GNSS-SDR,5450,2024-01-08 17:26:31.374629,46,None,None,None,None,None,None,None,None,None,None,None,None,None,None,None,None,None,None,None,None,None,None,None,None,None,None
ERRE,GNSS-SDR,5451,2024-01-08 17:26:31.587512,46,None,None,None,None,None,None,None,None,None,None,None,None,None,None,None,None,None,None,None,None,None,None,None,None,None,None
ERRE,GNSS-SDR,5452,2024-01-08 17:26:31.805646,46,None,None,None,None,None,None,None,None,None,None,None,None,None,None,None,None,None,None,None,None,None,None,None,None,None,None
ERRE,GNSS-SDR,5453,2024-01-08 17:26:32.023191,46,None,None,None,None,None,None,None,None,None,None,None,None,None,None,None,None,None,None,None,None,None,None,None,None,None,None
ERRE,GNSS-SDR,5454,2024-01-08 17:26:32.243895,46,None,None,None,None,None,None,None,None,None,None,None,None,None,None,None,None,None,None,None,None,None,None,None,None,None,None
ERRE,GNSS-SDR,5455,2024-01-08 17:26:32.460913,46,None,None,None,None,None,None,None,None,None,None,None,None,None,None,None,None,None,None,None,None,None,None,None,None,None,None
ERRE,GNSS-SDR,5456,2024-01-08 17:26:32.674659,46,None,None,None,None,None,None,None,None,None,None,None,None,None,None,None,None,None,None,None,None,None,None,None,None,None,None
ERRE,GNSS-SDR,5457,2024-01-08 17:26:32.902371,46,None,None,None,None,None,None,None,None,None,None,None,None,None,None,None,None,None,None,None,None,None,None,None,None,None,None
ERRE,GNSS-SDR,5458,2024-01-08 17:26:33.131153,46,None,None,None,None,None,None,None,None,None,None,None,None,None,None,None,None,None,None,None,None,None,None,None,None,None,None
ERRE,GNSS-SDR,5459,2024-01-08 17:26:33.351230,46,None,None,None,None,None,None,None,None,None,None,None,None,None,None,None,None,None,None,None,None,None,None,None,None,None,None
ERRE,GNSS-SDR,5460,2024-01-08 17:26:33.568764,46,None,None,None,None,None,None,None,None,None,None,None,None,None,None,None,None,None,None,None,None,None,None,None,None,None,None
ERRE,GNSS-SDR,5461,2024-01-08 17:26:33.784844,46,None,None,None,None,None,None,None,None,None,None,None,None,None,None,None,None,None,None,None,None,None,None,None,None,None,None
ERRE,GNSS-SDR,5462,2024-01-08 17:26:34.000605,46,None,None,None,None,None,None,None,None,None,None,None,None,None,None,None,None,None,None,None,None,None,None,None,None,None,None
ERRE,GNSS-SDR,5463,2024-01-08 17:26:34.216692,46,None,None,None,None,None,None,None,None,None,None,None,None,None,None,None,None,None,None,None,None,None,None,None,None,None,None
ERRE,GNSS-SDR,5464,2024-01-08 17:26:34.431849,46,None,None,None,None,None,None,None,None,None,None,None,None,None,None,None,None,None,None,None,None,None,None,None,None,None,None
ERRE,GNSS-SDR,5465,2024-01-08 17:26:34.652219,46,None,None,None,None,None,None,None,None,None,None,None,None,None,None,None,None,None,None,None,None,None,None,None,None,None,None
ERRE,GNSS-SDR,5466,2024-01-08 17:26:34.866765,46,None,None,None,None,None,None,None,None,None,None,None,None,None,None,None,None,None,None,None,None,None,None,None,None,None,None
ERRE,GNSS-SDR,5467,2024-01-08 17:26:35.080517,46,None,None,None,None,None,None,None,None,None,None,None,None,None,None,None,None,None,None,None,None,None,None,None,None,None,None
ERRE,GNSS-SDR,5468,2024-01-08 17:26:35.298228,46,None,None,None,None,None,None,None,None,None,None,None,None,None,None,None,None,None,None,None,None,None,None,None,None,None,None
ERRE,GNSS-SDR,5469,2024-01-08 17:26:35.519341,46,None,None,None,None,None,None,None,None,None,None,None,None,None,None,None,None,None,None,None,None,None,None,None,None,None,None
ERRE,GNSS-SDR,5470,2024-01-08 17:26:35.735388,46,None,None,None,None,None,None,None,None,None,None,None,None,None,None,None,None,None,None,None,None,None,None,None,None,None,None
ERRE,GNSS-SDR,5471,2024-01-08 17:26:35.949499,46,None,None,None,None,None,None,None,None,None,None,None,None,None,None,None,None,None,None,None,None,None,None,None,None,None,None
ERRE,GNSS-SDR,5472,2024-01-08 17:26:36.165484,46,None,None,None,None,None,None,None,None,None,None,None,None,None,None,None,None,None,None,None,None,None,None,None,None,None,None
ERRE,GNSS-SDR,5473,2024-01-08 17:26:36.380773,46,None,None,None,None,None,None,None,None,None,None,None,None,None,None,None,None,None,None,None,None,None,None,None,None,None,None
ERRE,GNSS-SDR,5474,2024-01-08 17:26:36.595071,46,None,None,None,None,None,None,None,None,None,None,None,None,None,None,None,None,None,None,None,None,None,None,None,None,None,None
ERRE,GNSS-SDR,5475,2024-01-08 17:26:36.810993,46,None,None,None,None,None,None,None,None,None,None,None,None,None,None,None,None,None,None,None,None,None,None,None,None,None,None
ERRE,GNSS-SDR,5476,2024-01-08 17:26:37.026453,46,None,None,None,None,None,None,None,None,None,None,None,None,None,None,None,None,None,None,None,None,None,None,None,None,None,None
ERRE,GNSS-SDR,5477,2024-01-08 17:26:37.239133,46,None,None,None,None,None,None,None,None,None,None,None,None,None,None,None,None,None,None,None,None,None,None,None,None,None,None
ERRE,GNSS-SDR,5478,2024-01-08 17:26:37.453763,46,None,None,None,None,None,None,None,None,None,None,None,None,None,None,None,None,None,None,None,None,None,None,None,None,None,None
ERRE,GNSS-SDR,5479,2024-01-08 17:26:37.668387,46,None,None,None,None,None,None,None,None,None,None,None,None,None,None,None,None,None,None,None,None,None,None,None,None,None,None
ERRE,GNSS-SDR,5480,2024-01-08 17:26:37.881245,46,None,None,None,None,None,None,None,None,None,None,None,None,None,None,None,None,None,None,None,None,None,None,None,None,None,None
ERRE,GNSS-SDR,5481,2024-01-08 17:26:38.094669,46,None,None,None,None,None,None,None,None,None,None,None,None,None,None,None,None,None,None,None,None,None,None,None,None,None,None
ERRE,GNSS-SDR,5482,2024-01-08 17:26:38.312977,46,None,None,None,None,None,None,None,None,None,None,None,None,None,None,None,None,None,None,None,None,None,None,None,None,None,None
ERRE,GNSS-SDR,5483,2024-01-08 17:26:38.528377,46,None,None,None,None,None,None,None,None,None,None,None,None,None,None,None,None,None,None,None,None,None,None,None,None,None,None
ERRE,GNSS-SDR,5484,2024-01-08 17:26:38.743792,46,None,None,None,None,None,None,None,None,None,None,None,None,None,None,None,None,None,None,None,None,None,None,None,None,None,None
ERRE,GNSS-SDR,5485,2024-01-08 17:26:38.964397,46,None,None,None,None,None,None,None,None,None,None,None,None,None,None,None,None,None,None,None,None,None,None,None,None,None,None
ERRE,GNSS-SDR,5486,2024-01-08 17:26:39.178198,46,None,None,None,None,None,None,None,None,None,None,None,None,None,None,None,None,None,None,None,None,None,None,None,None,None,None
ERRE,GNSS-SDR,5487,2024-01-08 17:26:39.392125,46,None,None,None,None,None,None,None,None,None,None,None,None,None,None,None,None,None,None,None,None,None,None,None,None,None,None
ERRE,GNSS-SDR,5488,2024-01-08 17:26:39.611495,46,None,None,None,None,None,None,None,None,None,None,None,None,None,None,None,None,None,None,None,None,None,None,None,None,None,None
ERRE,GNSS-SDR,5489,2024-01-08 17:26:39.833848,46,None,None,None,None,None,None,None,None,None,None,None,None,None,None,None,None,None,None,None,None,None,None,None,None,None,None
ERRE,GNSS-SDR,5490,2024-01-08 17:26:40.054453,46,None,None,None,None,None,None,None,None,None,None,None,None,None,None,None,None,None,None,None,None,None,None,None,None,None,None
ERRE,GNSS-SDR,5491,2024-01-08 17:26:40.279808,46,None,None,None,None,None,None,None,None,None,None,None,None,None,None,None,None,None,None,None,None,None,None,None,None,None,None
ERRE,GNSS-SDR,5492,2024-01-08 17:26:40.505059,46,None,None,None,None,None,None,None,None,None,None,None,None,None,None,None,None,None,None,None,None,None,None,None,None,None,None
ERRE,GNSS-SDR,5493,2024-01-08 17:26:40.729414,46,None,None,None,None,None,None,None,None,None,None,None,None,None,None,None,None,None,None,None,None,None,None,None,None,None,None
ERRE,GNSS-SDR,5494,2024-01-08 17:26:40.954438,46,None,None,None,None,None,None,None,None,None,None,None,None,None,None,None,None,None,None,None,None,None,None,None,None,None,None
ERRE,GNSS-SDR,5495,2024-01-08 17:26:41.182413,46,None,None,None,None,None,None,None,None,None,None,None,None,None,None,None,None,None,None,None,None,None,None,None,None,None,None
ERRE,GNSS-SDR,5496,2024-01-08 17:26:41.411658,46,None,None,None,None,None,None,None,None,None,None,None,None,None,None,None,None,None,None,None,None,None,None,None,None,None,None
ERRE,GNSS-SDR,5497,2024-01-08 17:26:41.640308,46,None,None,None,None,None,None,None,None,None,None,None,None,None,None,None,None,None,None,None,None,None,None,None,None,None,None
ERRE,GNSS-SDR,5498,2024-01-08 17:26:41.868859,46,None,None,None,None,None,None,None,None,None,None,None,None,None,None,None,None,None,None,None,None,None,None,None,None,None,None
ERRE,GNSS-SDR,5499,2024-01-08 17:26:42.097038,46,None,None,None,None,None,None,None,None,None,None,None,None,None,None,None,None,None,None,None,None,None,None,None,None,None,None
ERRE,GNSS-SDR,5500,2024-01-08 17:26:42.320464,46,None,None,None,None,None,None,None,None,None,None,None,None,None,None,None,None,None,None,None,None,None,None,None,None,None,None
ERRE,GNSS-SDR,5501,2024-01-08 17:26:42.543785,46,None,None,None,None,None,None,None,None,None,None,None,None,None,None,None,None,None,None,None,None,None,None,None,None,None,None
ERRE,GNSS-SDR,5502,2024-01-08 17:26:42.769439,46,None,None,None,None,None,None,None,None,None,None,None,None,None,None,None,None,None,None,None,None,None,None,None,None,None,None
ERRE,GNSS-SDR,5503,2024-01-08 17:26:42.995903,46,None,None,None,None,None,None,None,None,None,None,None,None,None,None,None,None,None,None,None,None,None,None,None,None,None,None
ERRE,GNSS-SDR,5504,2024-01-08 17:26:43.211363,46,None,None,None,None,None,None,None,None,None,None,None,None,None,None,None,None,None,None,None,None,None,None,None,None,None,None
ERRE,GNSS-SDR,5505,2024-01-08 17:26:43.430208,46,None,None,None,None,None,None,None,None,None,None,None,None,None,None,None,None,None,None,None,None,None,None,None,None,None,None
ERRE,GNSS-SDR,5506,2024-01-08 17:26:43.645877,46,None,None,None,None,None,None,None,None,None,None,None,None,None,None,None,None,None,None,None,None,None,None,None,None,None,None
ERRE,GNSS-SDR,5507,2024-01-08 17:26:43.875617,46,None,None,None,None,None,None,None,None,None,None,None,None,None,None,None,None,None,None,None,None,None,None,None,None,None,None
ERRE,GNSS-SDR,5508,2024-01-08 17:26:44.102482,46,None,None,None,None,None,None,None,None,None,None,None,None,None,None,None,None,None,None,None,None,None,None,None,None,None,None
ERRE,GNSS-SDR,5509,2024-01-08 17:26:44.325022,46,None,None,None,None,None,None,None,None,None,None,None,None,None,None,None,None,None,None,None,None,None,None,None,None,None,None
ERRE,GNSS-SDR,5510,2024-01-08 17:26:44.545393,46,None,None,None,None,None,None,None,None,None,None,None,None,None,None,None,None,None,None,None,None,None,None,None,None,None,None
ERRE,GNSS-SDR,5511,2024-01-08 17:26:44.763938,46,None,None,None,None,None,None,None,None,None,None,None,None,None,None,None,None,None,None,None,None,None,None,None,None,None,None
ERRE,GNSS-SDR,5512,2024-01-08 17:26:44.978227,46,None,None,None,None,None,None,None,None,None,None,None,None,None,None,None,None,None,None,None,None,None,None,None,None,None,None
ERRE,GNSS-SDR,5513,2024-01-08 17:26:45.196062,46,None,None,None,None,None,None,None,None,None,None,None,None,None,None,None,None,None,None,None,None,None,None,None,None,None,None
ERRE,GNSS-SDR,5514,2024-01-08 17:26:45.415547,46,None,None,None,None,None,None,None,None,None,None,None,None,None,None,None,None,None,None,None,None,None,None,None,None,None,None
ERRE,GNSS-SDR,5515,2024-01-08 17:26:45.639484,46,None,None,None,None,None,None,None,None,None,None,None,None,None,None,None,None,None,None,None,None,None,None,None,None,None,None
ERRE,GNSS-SDR,5516,2024-01-08 17:26:45.868956,46,None,None,None,None,None,None,None,None,None,None,None,None,None,None,None,None,None,None,None,None,None,None,None,None,None,None
ERRE,GNSS-SDR,5517,2024-01-08 17:26:46.096462,46,None,None,None,None,None,None,None,None,None,None,None,None,None,None,None,None,None,None,None,None,None,None,None,None,None,None
ERRE,GNSS-SDR,5518,2024-01-08 17:26:46.315537,46,None,None,None,None,None,None,None,None,None,None,None,None,None,None,None,None,None,None,None,None,None,None,None,None,None,None
ERRE,GNSS-SDR,5519,2024-01-08 17:26:46.533589,46,None,None,None,None,None,None,None,None,None,None,None,None,None,None,None,None,None,None,None,None,None,None,None,None,None,None
ERRE,GNSS-SDR,5520,2024-01-08 17:26:46.760205,46,None,None,None,None,None,None,None,None,None,None,None,None,None,None,None,None,None,None,None,None,None,None,None,None,None,None
ERRE,GNSS-SDR,5521,2024-01-08 17:26:46.986382,46,None,None,None,None,None,None,None,None,None,None,None,None,None,None,None,None,None,None,None,None,None,None,None,None,None,None
ERRE,GNSS-SDR,5522,2024-01-08 17:26:47.209995,46,None,None,None,None,None,None,None,None,None,None,None,None,None,None,None,None,None,None,None,None,None,None,None,None,None,None
ERRE,GNSS-SDR,5523,2024-01-08 17:26:47.437313,46,None,None,None,None,None,None,None,None,None,None,None,None,None,None,None,None,None,None,None,None,None,None,None,None,None,None
ERRE,GNSS-SDR,5524,2024-01-08 17:26:47.661829,46,None,None,None,None,None,None,None,None,None,None,None,None,None,None,None,None,None,None,None,None,None,None,None,None,None,None
ERRE,GNSS-SDR,5525,2024-01-08 17:26:47.876102,46,None,None,None,None,None,None,None,None,None,None,None,None,None,None,None,None,None,None,None,None,None,None,None,None,None,None
ERRE,GNSS-SDR,5526,2024-01-08 17:26:48.093376,46,None,None,None,None,None,None,None,None,None,None,None,None,None,None,None,None,None,None,None,None,None,None,None,None,None,None
ERRE,GNSS-SDR,5527,2024-01-08 17:26:48.308810,46,None,None,None,None,None,None,None,None,None,None,None,None,None,None,None,None,None,None,None,None,None,None,None,None,None,None
ERRE,GNSS-SDR,5528,2024-01-08 17:26:48.533620,46,None,None,None,None,None,None,None,None,None,None,None,None,None,None,None,None,None,None,None,None,None,None,None,None,None,None
ERRE,GNSS-SDR,5529,2024-01-08 17:26:48.751421,46,None,None,None,None,None,None,None,None,None,None,None,None,None,None,None,None,None,None,None,None,None,None,None,None,None,None
ERRE,GNSS-SDR,5530,2024-01-08 17:26:48.974230,46,None,None,None,None,None,None,None,None,None,None,None,None,None,None,None,None,None,None,None,None,None,None,None,None,None,None
ERRE,GNSS-SDR,5531,2024-01-08 17:26:49.187594,46,None,None,None,None,None,None,None,None,None,None,None,None,None,None,None,None,None,None,None,None,None,None,None,None,None,None
ERRE,GNSS-SDR,5532,2024-01-08 17:26:49.404387,46,None,None,None,None,None,None,None,None,None,None,None,None,None,None,None,None,None,None,None,None,None,None,None,None,None,None
ERRE,GNSS-SDR,5533,2024-01-08 17:26:49.619650,46,None,None,None,None,None,None,None,None,None,None,None,None,None,None,None,None,None,None,None,None,None,None,None,None,None,None
ERRE,GNSS-SDR,5534,2024-01-08 17:26:49.849087,46,None,None,None,None,None,None,None,None,None,None,None,None,None,None,None,None,None,None,None,None,None,None,None,None,None,None
ERRE,GNSS-SDR,5535,2024-01-08 17:26:50.065796,46,None,None,None,None,None,None,None,None,None,None,None,None,None,None,None,None,None,None,None,None,None,None,None,None,None,None
ERRE,GNSS-SDR,5536,2024-01-08 17:26:50.284073,46,None,None,None,None,None,None,None,None,None,None,None,None,None,None,None,None,None,None,None,None,None,None,None,None,None,None
ERRE,GNSS-SDR,5537,2024-01-08 17:26:50.510666,46,None,None,None,None,None,None,None,None,None,None,None,None,None,None,None,None,None,None,None,None,None,None,None,None,None,None
ERRE,GNSS-SDR,5538,2024-01-08 17:26:50.731371,46,None,None,None,None,None,None,None,None,None,None,None,None,None,None,None,None,None,None,None,None,None,None,None,None,None,None
ERRE,GNSS-SDR,5539,2024-01-08 17:26:50.950351,46,None,None,None,None,None,None,None,None,None,None,None,None,None,None,None,None,None,None,None,None,None,None,None,None,None,None
ERRE,GNSS-SDR,5540,2024-01-08 17:26:51.168169,46,None,None,None,None,None,None,None,None,None,None,None,None,None,None,None,None,None,None,None,None,None,None,None,None,None,None
ERRE,GNSS-SDR,5541,2024-01-08 17:26:51.387306,46,None,None,None,None,None,None,None,None,None,None,None,None,None,None,None,None,None,None,None,None,None,None,None,None,None,None
ERRE,GNSS-SDR,5542,2024-01-08 17:26:51.610676,46,None,None,None,None,None,None,None,None,None,None,None,None,None,None,None,None,None,None,None,None,None,None,None,None,None,None
ERRE,GNSS-SDR,5543,2024-01-08 17:26:51.829292,46,None,None,None,None,None,None,None,None,None,None,None,None,None,None,None,None,None,None,None,None,None,None,None,None,None,None
ERRE,GNSS-SDR,5544,2024-01-08 17:26:52.043515,46,None,None,None,None,None,None,None,None,None,None,None,None,None,None,None,None,None,None,None,None,None,None,None,None,None,None
ERRE,GNSS-SDR,5545,2024-01-08 17:26:52.257756,46,None,None,None,None,None,None,None,None,None,None,None,None,None,None,None,None,None,None,None,None,None,None,None,None,None,None
ERRE,GNSS-SDR,5546,2024-01-08 17:26:52.483293,46,None,None,None,None,None,None,None,None,None,None,None,None,None,None,None,None,None,None,None,None,None,None,None,None,None,None
ERRE,GNSS-SDR,5547,2024-01-08 17:26:52.699773,46,None,None,None,None,None,None,None,None,None,None,None,None,None,None,None,None,None,None,None,None,None,None,None,None,None,None
ERRE,GNSS-SDR,5548,2024-01-08 17:26:52.914388,46,None,None,None,None,None,None,None,None,None,None,None,None,None,None,None,None,None,None,None,None,None,None,None,None,None,None
ERRE,GNSS-SDR,5549,2024-01-08 17:26:53.128129,46,None,None,None,None,None,None,None,None,None,None,None,None,None,None,None,None,None,None,None,None,None,None,None,None,None,None
ERRE,GNSS-SDR,5550,2024-01-08 17:26:53.347171,46,None,None,None,None,None,None,None,None,None,None,None,None,None,None,None,None,None,None,None,None,None,None,None,None,None,None
ERRE,GNSS-SDR,5551,2024-01-08 17:26:53.564104,46,None,None,None,None,None,None,None,None,None,None,None,None,None,None,None,None,None,None,None,None,None,None,None,None,None,None
ERRE,GNSS-SDR,5552,2024-01-08 17:26:53.779984,46,None,None,None,None,None,None,None,None,None,None,None,None,None,None,None,None,None,None,None,None,None,None,None,None,None,None
ERRE,GNSS-SDR,5553,2024-01-08 17:26:53.995556,46,None,None,None,None,None,None,None,None,None,None,None,None,None,None,None,None,None,None,None,None,None,None,None,None,None,None
ERRE,GNSS-SDR,5554,2024-01-08 17:26:54.208934,46,None,None,None,None,None,None,None,None,None,None,None,None,None,None,None,None,None,None,None,None,None,None,None,None,None,None
ERRE,GNSS-SDR,5555,2024-01-08 17:26:54.428226,46,None,None,None,None,None,None,None,None,None,None,None,None,None,None,None,None,None,None,None,None,None,None,None,None,None,None
ERRE,GNSS-SDR,5556,2024-01-08 17:26:54.641041,46,None,None,None,None,None,None,None,None,None,None,None,None,None,None,None,None,None,None,None,None,None,None,None,None,None,None
ERRE,GNSS-SDR,5557,2024-01-08 17:26:54.854437,46,None,None,None,None,None,None,None,None,None,None,None,None,None,None,None,None,None,None,None,None,None,None,None,None,None,None
ERRE,GNSS-SDR,5558,2024-01-08 17:26:55.068926,46,None,None,None,None,None,None,None,None,None,None,None,None,None,None,None,None,None,None,None,None,None,None,None,None,None,None
ERRE,GNSS-SDR,5559,2024-01-08 17:26:55.282945,46,None,None,None,None,None,None,None,None,None,None,None,None,None,None,None,None,None,None,None,None,None,None,None,None,None,None
ERRE,GNSS-SDR,5560,2024-01-08 17:26:55.497537,46,None,None,None,None,None,None,None,None,None,None,None,None,None,None,None,None,None,None,None,None,None,None,None,None,None,None
ERRE,GNSS-SDR,5561,2024-01-08 17:26:55.713124,46,None,None,None,None,None,None,None,None,None,None,None,None,None,None,None,None,None,None,None,None,None,None,None,None,None,None
ERRE,GNSS-SDR,5562,2024-01-08 17:26:55.927089,46,None,None,None,None,None,None,None,None,None,None,None,None,None,None,None,None,None,None,None,None,None,None,None,None,None,None
ERRE,GNSS-SDR,5563,2024-01-08 17:26:56.141409,46,None,None,None,None,None,None,None,None,None,None,None,None,None,None,None,None,None,None,None,None,None,None,None,None,None,None
ERRE,GNSS-SDR,5564,2024-01-08 17:26:56.354600,47,None,None,None,None,None,None,None,None,None,None,None,None,None,None,None,None,None,None,None,None,None,None,None,None,None,None
ERRE,GNSS-SDR,5565,2024-01-08 17:26:56.569020,46,None,None,None,None,None,None,None,None,None,None,None,None,None,None,None,None,None,None,None,None,None,None,None,None,None,None
ERRE,GNSS-SDR,5566,2024-01-08 17:26:56.782704,46,None,None,None,None,None,None,None,None,None,None,None,None,None,None,None,None,None,None,None,None,None,None,None,None,None,None
ERRE,GNSS-SDR,5567,2024-01-08 17:26:56.996788,46,None,None,None,None,None,None,None,None,None,None,None,None,None,None,None,None,None,None,None,None,None,None,None,None,None,None
ERRE,GNSS-SDR,5568,2024-01-08 17:26:57.211922,46,None,None,None,None,None,None,None,None,None,None,None,None,None,None,None,None,None,None,None,None,None,None,None,None,None,None
ERRE,GNSS-SDR,5569,2024-01-08 17:26:57.429257,46,None,None,None,None,None,None,None,None,None,None,None,None,None,None,None,None,None,None,None,None,None,None,None,None,None,None
ERRE,GNSS-SDR,5570,2024-01-08 17:26:57.649919,46,None,None,None,None,None,None,None,None,None,None,None,None,None,None,None,None,None,None,None,None,None,None,None,None,None,None
ERRE,GNSS-SDR,5571,2024-01-08 17:26:57.866272,46,None,None,None,None,None,None,None,None,None,None,None,None,None,None,None,None,None,None,None,None,None,None,None,None,None,None
ERRE,GNSS-SDR,5572,2024-01-08 17:26:58.081117,46,None,None,None,None,None,None,None,None,None,None,None,None,None,None,None,None,None,None,None,None,None,None,None,None,None,None
ERRE,GNSS-SDR,5573,2024-01-08 17:26:58.295518,46,None,None,None,None,None,None,None,None,None,None,None,None,None,None,None,None,None,None,None,None,None,None,None,None,None,None
ERRE,GNSS-SDR,5574,2024-01-08 17:26:58.511192,46,None,None,None,None,None,None,None,None,None,None,None,None,None,None,None,None,None,None,None,None,None,None,None,None,None,None
ERRE,GNSS-SDR,5575,2024-01-08 17:26:58.725537,47,None,None,None,None,None,None,None,None,None,None,None,None,None,None,None,None,None,None,None,None,None,None,None,None,None,None
ERRE,GNSS-SDR,5576,2024-01-08 17:26:58.940063,47,None,None,None,None,None,None,None,None,None,None,None,None,None,None,None,None,None,None,None,None,None,None,None,None,None,None
ERRE,GNSS-SDR,5577,2024-01-08 17:26:59.155821,46,None,None,None,None,None,None,None,None,None,None,None,None,None,None,None,None,None,None,None,None,None,None,None,None,None,None
ERRE,GNSS-SDR,5578,2024-01-08 17:26:59.371333,47,None,None,None,None,None,None,None,None,None,None,None,None,None,None,None,None,None,None,None,None,None,None,None,None,None,None
ERRE,GNSS-SDR,5579,2024-01-08 17:26:59.585844,47,None,None,None,None,None,None,None,None,None,None,None,None,None,None,None,None,None,None,None,None,None,None,None,None,None,None
ERRE,GNSS-SDR,5580,2024-01-08 17:26:59.807289,47,None,None,None,None,None,None,None,None,None,None,None,None,None,None,None,None,None,None,None,None,None,None,None,None,None,None
ERRE,GNSS-SDR,5581,2024-01-08 17:27:00.022356,47,None,None,None,None,None,None,None,None,None,None,None,None,None,None,None,None,None,None,None,None,None,None,None,None,None,None
ERRE,GNSS-SDR,5582,2024-01-08 17:27:00.235715,47,None,None,None,None,None,None,None,None,None,None,None,None,None,None,None,None,None,None,None,None,None,None,None,None,None,None
ERRE,GNSS-SDR,5583,2024-01-08 17:27:00.450718,47,None,None,None,None,None,None,None,None,None,None,None,None,None,None,None,None,None,None,None,None,None,None,None,None,None,None
ERRE,GNSS-SDR,5584,2024-01-08 17:27:00.665099,47,None,None,None,None,None,None,None,None,None,None,None,None,None,None,None,None,None,None,None,None,None,None,None,None,None,None
ERRE,GNSS-SDR,5585,2024-01-08 17:27:00.878865,47,None,None,None,None,None,None,None,None,None,None,None,None,None,None,None,None,None,None,None,None,None,None,None,None,None,None
ERRE,GNSS-SDR,5586,2024-01-08 17:27:01.091911,47,None,None,None,None,None,None,None,None,None,None,None,None,None,None,None,None,None,None,None,None,None,None,None,None,None,None
ERRE,GNSS-SDR,5587,2024-01-08 17:27:01.305244,47,None,None,None,None,None,None,None,None,None,None,None,None,None,None,None,None,None,None,None,None,None,None,None,None,None,None
ERRE,GNSS-SDR,5588,2024-01-08 17:27:01.520332,47,None,None,None,None,None,None,None,None,None,None,None,None,None,None,None,None,None,None,None,None,None,None,None,None,None,None
ERRE,GNSS-SDR,5589,2024-01-08 17:27:01.733978,47,None,None,None,None,None,None,None,None,None,None,None,None,None,None,None,None,None,None,None,None,None,None,None,None,None,None
ERRE,GNSS-SDR,5590,2024-01-08 17:27:01.947595,47,None,None,None,None,None,None,None,None,None,None,None,None,None,None,None,None,None,None,None,None,None,None,None,None,None,None
ERRE,GNSS-SDR,5591,2024-01-08 17:27:02.165626,47,None,None,None,None,None,None,None,None,None,None,None,None,None,None,None,None,None,None,None,None,None,None,None,None,None,None
ERRE,GNSS-SDR,5592,2024-01-08 17:27:02.380970,47,None,None,None,None,None,None,None,None,None,None,None,None,None,None,None,None,None,None,None,None,None,None,None,None,None,None
ERRE,GNSS-SDR,5593,2024-01-08 17:27:02.596391,47,None,None,None,None,None,None,None,None,None,None,None,None,None,None,None,None,None,None,None,None,None,None,None,None,None,None
ERRE,GNSS-SDR,5594,2024-01-08 17:27:02.810860,47,None,None,None,None,None,None,None,None,None,None,None,None,None,None,None,None,None,None,None,None,None,None,None,None,None,None
ERRE,GNSS-SDR,5595,2024-01-08 17:27:03.024394,47,None,None,None,None,None,None,None,None,None,None,None,None,None,None,None,None,None,None,None,None,None,None,None,None,None,None
ERRE,GNSS-SDR,5596,2024-01-08 17:27:03.238733,47,None,None,None,None,None,None,None,None,None,None,None,None,None,None,None,None,None,None,None,None,None,None,None,None,None,None
ERRE,GNSS-SDR,5597,2024-01-08 17:27:03.456878,47,None,None,None,None,None,None,None,None,None,None,None,None,None,None,None,None,None,None,None,None,None,None,None,None,None,None
ERRE,GNSS-SDR,5598,2024-01-08 17:27:03.671774,47,None,None,None,None,None,None,None,None,None,None,None,None,None,None,None,None,None,None,None,None,None,None,None,None,None,None
ERRE,GNSS-SDR,5599,2024-01-08 17:27:03.884442,47,None,None,None,None,None,None,None,None,None,None,None,None,None,None,None,None,None,None,None,None,None,None,None,None,None,None
ERRE,GNSS-SDR,5600,2024-01-08 17:27:04.099324,47,None,None,None,None,None,None,None,None,None,None,None,None,None,None,None,None,None,None,None,None,None,None,None,None,None,None
ERRE,GNSS-SDR,5601,2024-01-08 17:27:04.317090,47,None,None,None,None,None,None,None,None,None,None,None,None,None,None,None,None,None,None,None,None,None,None,None,None,None,None
ERRE,GNSS-SDR,5602,2024-01-08 17:27:04.538647,47,None,None,None,None,None,None,None,None,None,None,None,None,None,None,None,None,None,None,None,None,None,None,None,None,None,None
ERRE,GNSS-SDR,5603,2024-01-08 17:27:04.761899,47,None,None,None,None,None,None,None,None,None,None,None,None,None,None,None,None,None,None,None,None,None,None,None,None,None,None
ERRE,GNSS-SDR,5604,2024-01-08 17:27:04.983397,47,None,None,None,None,None,None,None,None,None,None,None,None,None,None,None,None,None,None,None,None,None,None,None,None,None,None
ERRE,GNSS-SDR,5605,2024-01-08 17:27:05.195796,47,None,None,None,None,None,None,None,None,None,None,None,None,None,None,None,None,None,None,None,None,None,None,None,None,None,None
ERRE,GNSS-SDR,5606,2024-01-08 17:27:05.409282,47,None,None,None,None,None,None,None,None,None,None,None,None,None,None,None,None,None,None,None,None,None,None,None,None,None,None
ERRE,GNSS-SDR,5607,2024-01-08 17:27:05.623681,47,None,None,None,None,None,None,None,None,None,None,None,None,None,None,None,None,None,None,None,None,None,None,None,None,None,None
ERRE,GNSS-SDR,5608,2024-01-08 17:27:05.843101,47,None,None,None,None,None,None,None,None,None,None,None,None,None,None,None,None,None,None,None,None,None,None,None,None,None,None
ERRE,GNSS-SDR,5609,2024-01-08 17:27:06.060776,47,None,None,None,None,None,None,None,None,None,None,None,None,None,None,None,None,None,None,None,None,None,None,None,None,None,None
ERRE,GNSS-SDR,5610,2024-01-08 17:27:06.274776,47,None,None,None,None,None,None,None,None,None,None,None,None,None,None,None,None,None,None,None,None,None,None,None,None,None,None
ERRE,GNSS-SDR,5611,2024-01-08 17:27:06.489160,47,None,None,None,None,None,None,None,None,None,None,None,None,None,None,None,None,None,None,None,None,None,None,None,None,None,None
ERRE,GNSS-SDR,5612,2024-01-08 17:27:06.701968,47,None,None,None,None,None,None,None,None,None,None,None,None,None,None,None,None,None,None,None,None,None,None,None,None,None,None
ERRE,GNSS-SDR,5613,2024-01-08 17:27:06.915498,47,None,None,None,None,None,None,None,None,None,None,None,None,None,None,None,None,None,None,None,None,None,None,None,None,None,None
ERRE,GNSS-SDR,5614,2024-01-08 17:27:07.127777,47,None,None,None,None,None,None,None,None,None,None,None,None,None,None,None,None,None,None,None,None,None,None,None,None,None,None
ERRE,GNSS-SDR,5615,2024-01-08 17:27:07.339495,47,None,None,None,None,None,None,None,None,None,None,None,None,None,None,None,None,None,None,None,None,None,None,None,None,None,None
ERRE,GNSS-SDR,5616,2024-01-08 17:27:07.551545,47,None,None,None,None,None,None,None,None,None,None,None,None,None,None,None,None,None,None,None,None,None,None,None,None,None,None
ERRE,GNSS-SDR,5617,2024-01-08 17:27:07.767428,47,None,None,None,None,None,None,None,None,None,None,None,None,None,None,None,None,None,None,None,None,None,None,None,None,None,None
ERRE,GNSS-SDR,5618,2024-01-08 17:27:07.981249,47,None,None,None,None,None,None,None,None,None,None,None,None,None,None,None,None,None,None,None,None,None,None,None,None,None,None
ERRE,GNSS-SDR,5619,2024-01-08 17:27:08.196706,47,None,None,None,None,None,None,None,None,None,None,None,None,None,None,None,None,None,None,None,None,None,None,None,None,None,None
ERRE,GNSS-SDR,5620,2024-01-08 17:27:08.413726,47,None,None,None,None,None,None,None,None,None,None,None,None,None,None,None,None,None,None,None,None,None,None,None,None,None,None
ERRE,GNSS-SDR,5621,2024-01-08 17:27:08.627889,47,None,None,None,None,None,None,None,None,None,None,None,None,None,None,None,None,None,None,None,None,None,None,None,None,None,None
ERRE,GNSS-SDR,5622,2024-01-08 17:27:08.847190,47,None,None,None,None,None,None,None,None,None,None,None,None,None,None,None,None,None,None,None,None,None,None,None,None,None,None
ERRE,GNSS-SDR,5623,2024-01-08 17:27:09.064096,47,None,None,None,None,None,None,None,None,None,None,None,None,None,None,None,None,None,None,None,None,None,None,None,None,None,None
ERRE,GNSS-SDR,5624,2024-01-08 17:27:09.276832,47,None,None,None,None,None,None,None,None,None,None,None,None,None,None,None,None,None,None,None,None,None,None,None,None,None,None
ERRE,GNSS-SDR,5625,2024-01-08 17:27:09.492556,47,None,None,None,None,None,None,None,None,None,None,None,None,None,None,None,None,None,None,None,None,None,None,None,None,None,None
ERRE,GNSS-SDR,5626,2024-01-08 17:27:09.707102,47,None,None,None,None,None,None,None,None,None,None,None,None,None,None,None,None,None,None,None,None,None,None,None,None,None,None
ERRE,GNSS-SDR,5627,2024-01-08 17:27:09.919767,47,None,None,None,None,None,None,None,None,None,None,None,None,None,None,None,None,None,None,None,None,None,None,None,None,None,None
ERRE,GNSS-SDR,5628,2024-01-08 17:27:10.134266,47,None,None,None,None,None,None,None,None,None,None,None,None,None,None,None,None,None,None,None,None,None,None,None,None,None,None
ERRE,GNSS-SDR,5629,2024-01-08 17:27:10.349190,47,None,None,None,None,None,None,None,None,None,None,None,None,None,None,None,None,None,None,None,None,None,None,None,None,None,None
ERRE,GNSS-SDR,5630,2024-01-08 17:27:10.565016,47,None,None,None,None,None,None,None,None,None,None,None,None,None,None,None,None,None,None,None,None,None,None,None,None,None,None
ERRE,GNSS-SDR,5631,2024-01-08 17:27:10.778120,47,None,None,None,None,None,None,None,None,None,None,None,None,None,None,None,None,None,None,None,None,None,None,None,None,None,None
ERRE,GNSS-SDR,5632,2024-01-08 17:27:10.994018,47,None,None,None,None,None,None,None,None,None,None,None,None,None,None,None,None,None,None,None,None,None,None,None,None,None,None
ERRE,GNSS-SDR,5633,2024-01-08 17:27:11.210594,47,None,None,None,None,None,None,None,None,None,None,None,None,None,None,None,None,None,None,None,None,None,None,None,None,None,None
ERRE,GNSS-SDR,5634,2024-01-08 17:27:11.429917,47,None,None,None,None,None,None,None,None,None,None,None,None,None,None,None,None,None,None,None,None,None,None,None,None,None,None
ERRE,GNSS-SDR,5635,2024-01-08 17:27:11.657899,47,None,None,None,None,None,None,None,None,None,None,None,None,None,None,None,None,None,None,None,None,None,None,None,None,None,None
ERRE,GNSS-SDR,5636,2024-01-08 17:27:11.873785,47,None,None,None,None,None,None,None,None,None,None,None,None,None,None,None,None,None,None,None,None,None,None,None,None,None,None
ERRE,GNSS-SDR,5637,2024-01-08 17:27:12.090195,47,None,None,None,None,None,None,None,None,None,None,None,None,None,None,None,None,None,None,None,None,None,None,None,None,None,None
ERRE,GNSS-SDR,5638,2024-01-08 17:27:12.306503,47,None,None,None,None,None,None,None,None,None,None,None,None,None,None,None,None,None,None,None,None,None,None,None,None,None,None
ERRE,GNSS-SDR,5639,2024-01-08 17:27:12.521976,47,None,None,None,None,None,None,None,None,None,None,None,None,None,None,None,None,None,None,None,None,None,None,None,None,None,None
ERRE,GNSS-SDR,5640,2024-01-08 17:27:12.747825,47,None,None,None,None,None,None,None,None,None,None,None,None,None,None,None,None,None,None,None,None,None,None,None,None,None,None
ERRE,GNSS-SDR,5641,2024-01-08 17:27:12.964180,47,None,None,None,None,None,None,None,None,None,None,None,None,None,None,None,None,None,None,None,None,None,None,None,None,None,None
ERRE,GNSS-SDR,5642,2024-01-08 17:27:13.189048,47,None,None,None,None,None,None,None,None,None,None,None,None,None,None,None,None,None,None,None,None,None,None,None,None,None,None
ERRE,GNSS-SDR,5643,2024-01-08 17:27:13.408155,47,None,None,None,None,None,None,None,None,None,None,None,None,None,None,None,None,None,None,None,None,None,None,None,None,None,None
ERRE,GNSS-SDR,5644,2024-01-08 17:27:13.626206,47,None,None,None,None,None,None,None,None,None,None,None,None,None,None,None,None,None,None,None,None,None,None,None,None,None,None
ERRE,GNSS-SDR,5645,2024-01-08 17:27:13.851091,47,None,None,None,None,None,None,None,None,None,None,None,None,None,None,None,None,None,None,None,None,None,None,None,None,None,None
ERRE,GNSS-SDR,5646,2024-01-08 17:27:14.073884,47,None,None,None,None,None,None,None,None,None,None,None,None,None,None,None,None,None,None,None,None,None,None,None,None,None,None
ERRE,GNSS-SDR,5647,2024-01-08 17:27:14.299099,47,None,None,None,None,None,None,None,None,None,None,None,None,None,None,None,None,None,None,None,None,None,None,None,None,None,None
ERRE,GNSS-SDR,5648,2024-01-08 17:27:14.527947,47,None,None,None,None,None,None,None,None,None,None,None,None,None,None,None,None,None,None,None,None,None,None,None,None,None,None
ERRE,GNSS-SDR,5649,2024-01-08 17:27:14.753277,47,None,None,None,None,None,None,None,None,None,None,None,None,None,None,None,None,None,None,None,None,None,None,None,None,None,None
ERRE,GNSS-SDR,5650,2024-01-08 17:27:14.979745,47,None,None,None,None,None,None,None,None,None,None,None,None,None,None,None,None,None,None,None,None,None,None,None,None,None,None
ERRE,GNSS-SDR,5651,2024-01-08 17:27:15.202975,47,None,None,None,None,None,None,None,None,None,None,None,None,None,None,None,None,None,None,None,None,None,None,None,None,None,None
ERRE,GNSS-SDR,5652,2024-01-08 17:27:15.427734,47,None,None,None,None,None,None,None,None,None,None,None,None,None,None,None,None,None,None,None,None,None,None,None,None,None,None
ERRE,GNSS-SDR,5653,2024-01-08 17:27:15.647019,47,None,None,None,None,None,None,None,None,None,None,None,None,None,None,None,None,None,None,None,None,None,None,None,None,None,None
ERRE,GNSS-SDR,5654,2024-01-08 17:27:15.865442,47,None,None,None,None,None,None,None,None,None,None,None,None,None,None,None,None,None,None,None,None,None,None,None,None,None,None
ERRE,GNSS-SDR,5655,2024-01-08 17:27:16.085772,47,None,None,None,None,None,None,None,None,None,None,None,None,None,None,None,None,None,None,None,None,None,None,None,None,None,None
ERRE,GNSS-SDR,5656,2024-01-08 17:27:16.301664,47,None,None,None,None,None,None,None,None,None,None,None,None,None,None,None,None,None,None,None,None,None,None,None,None,None,None
ERRE,GNSS-SDR,5657,2024-01-08 17:27:16.517685,47,None,None,None,None,None,None,None,None,None,None,None,None,None,None,None,None,None,None,None,None,None,None,None,None,None,None
ERRE,GNSS-SDR,5658,2024-01-08 17:27:16.732625,47,None,None,None,None,None,None,None,None,None,None,None,None,None,None,None,None,None,None,None,None,None,None,None,None,None,None
ERRE,GNSS-SDR,5659,2024-01-08 17:27:16.956613,47,None,None,None,None,None,None,None,None,None,None,None,None,None,None,None,None,None,None,None,None,None,None,None,None,None,None
ERRE,GNSS-SDR,5660,2024-01-08 17:27:17.173238,47,None,None,None,None,None,None,None,None,None,None,None,None,None,None,None,None,None,None,None,None,None,None,None,None,None,None
ERRE,GNSS-SDR,5661,2024-01-08 17:27:17.397455,47,None,None,None,None,None,None,None,None,None,None,None,None,None,None,None,None,None,None,None,None,None,None,None,None,None,None
ERRE,GNSS-SDR,5662,2024-01-08 17:27:17.624873,47,None,None,None,None,None,None,None,None,None,None,None,None,None,None,None,None,None,None,None,None,None,None,None,None,None,None
ERRE,GNSS-SDR,5663,2024-01-08 17:27:17.851300,47,None,None,None,None,None,None,None,None,None,None,None,None,None,None,None,None,None,None,None,None,None,None,None,None,None,None
ERRE,GNSS-SDR,5664,2024-01-08 17:27:18.074109,47,None,None,None,None,None,None,None,None,None,None,None,None,None,None,None,None,None,None,None,None,None,None,None,None,None,None
ERRE,GNSS-SDR,5665,2024-01-08 17:27:18.291122,47,None,None,None,None,None,None,None,None,None,None,None,None,None,None,None,None,None,None,None,None,None,None,None,None,None,None
ERRE,GNSS-SDR,5666,2024-01-08 17:27:18.507057,47,None,None,None,None,None,None,None,None,None,None,None,None,None,None,None,None,None,None,None,None,None,None,None,None,None,None
ERRE,GNSS-SDR,5667,2024-01-08 17:27:18.726448,47,None,None,None,None,None,None,None,None,None,None,None,None,None,None,None,None,None,None,None,None,None,None,None,None,None,None
ERRE,GNSS-SDR,5668,2024-01-08 17:27:18.948183,47,None,None,None,None,None,None,None,None,None,None,None,None,None,None,None,None,None,None,None,None,None,None,None,None,None,None
ERRE,GNSS-SDR,5669,2024-01-08 17:27:19.163914,47,None,None,None,None,None,None,None,None,None,None,None,None,None,None,None,None,None,None,None,None,None,None,None,None,None,None
ERRE,GNSS-SDR,5670,2024-01-08 17:27:19.384816,47,None,None,None,None,None,None,None,None,None,None,None,None,None,None,None,None,None,None,None,None,None,None,None,None,None,None
ERRE,GNSS-SDR,5671,2024-01-08 17:27:19.601766,47,None,None,None,None,None,None,None,None,None,None,None,None,None,None,None,None,None,None,None,None,None,None,None,None,None,None
ERRE,GNSS-SDR,5672,2024-01-08 17:27:19.820994,47,None,None,None,None,None,None,None,None,None,None,None,None,None,None,None,None,None,None,None,None,None,None,None,None,None,None
ERRE,GNSS-SDR,5673,2024-01-08 17:27:20.047259,47,None,None,None,None,None,None,None,None,None,None,None,None,None,None,None,None,None,None,None,None,None,None,None,None,None,None
ERRE,GNSS-SDR,5674,2024-01-08 17:27:20.266527,47,None,None,None,None,None,None,None,None,None,None,None,None,None,None,None,None,None,None,None,None,None,None,None,None,None,None
ERRE,GNSS-SDR,5675,2024-01-08 17:27:20.490074,47,None,None,None,None,None,None,None,None,None,None,None,None,None,None,None,None,None,None,None,None,None,None,None,None,None,None
ERRE,GNSS-SDR,5676,2024-01-08 17:27:20.719142,47,None,None,None,None,None,None,None,None,None,None,None,None,None,None,None,None,None,None,None,None,None,None,None,None,None,None
ERRE,GNSS-SDR,5677,2024-01-08 17:27:20.944587,47,None,None,None,None,None,None,None,None,None,None,None,None,None,None,None,None,None,None,None,None,None,None,None,None,None,None
ERRE,GNSS-SDR,5678,2024-01-08 17:27:21.161308,47,None,None,None,None,None,None,None,None,None,None,None,None,None,None,None,None,None,None,None,None,None,None,None,None,None,None
ERRE,GNSS-SDR,5679,2024-01-08 17:27:21.387405,47,None,None,None,None,None,None,None,None,None,None,None,None,None,None,None,None,None,None,None,None,None,None,None,None,None,None
ERRE,GNSS-SDR,5680,2024-01-08 17:27:21.614133,47,None,None,None,None,None,None,None,None,None,None,None,None,None,None,None,None,None,None,None,None,None,None,None,None,None,None
ERRE,GNSS-SDR,5681,2024-01-08 17:27:21.837837,47,None,None,None,None,None,None,None,None,None,None,None,None,None,None,None,None,None,None,None,None,None,None,None,None,None,None
ERRE,GNSS-SDR,5682,2024-01-08 17:27:22.057293,47,None,None,None,None,None,None,None,None,None,None,None,None,None,None,None,None,None,None,None,None,None,None,None,None,None,None
ERRE,GNSS-SDR,5683,2024-01-08 17:27:22.275235,47,None,None,None,None,None,None,None,None,None,None,None,None,None,None,None,None,None,None,None,None,None,None,None,None,None,None
ERRE,GNSS-SDR,5684,2024-01-08 17:27:22.499045,46,None,None,None,None,None,None,None,None,None,None,None,None,None,None,None,None,None,None,None,None,None,None,None,None,None,None
ERRE,GNSS-SDR,5685,2024-01-08 17:27:22.715297,47,None,None,None,None,None,None,None,None,None,None,None,None,None,None,None,None,None,None,None,None,None,None,None,None,None,None
ERRE,GNSS-SDR,5686,2024-01-08 17:27:22.935321,47,None,None,None,None,None,None,None,None,None,None,None,None,None,None,None,None,None,None,None,None,None,None,None,None,None,None
ERRE,GNSS-SDR,5687,2024-01-08 17:27:23.152600,47,None,None,None,None,None,None,None,None,None,None,None,None,None,None,None,None,None,None,None,None,None,None,None,None,None,None
ERRE,GNSS-SDR,5688,2024-01-08 17:27:23.371401,47,None,None,None,None,None,None,None,None,None,None,None,None,None,None,None,None,None,None,None,None,None,None,None,None,None,None
ERRE,GNSS-SDR,5689,2024-01-08 17:27:23.594953,47,None,None,None,None,None,None,None,None,None,None,None,None,None,None,None,None,None,None,None,None,None,None,None,None,None,None
ERRE,GNSS-SDR,5690,2024-01-08 17:27:23.820392,47,None,None,None,None,None,None,None,None,None,None,None,None,None,None,None,None,None,None,None,None,None,None,None,None,None,None
ERRE,GNSS-SDR,5691,2024-01-08 17:27:24.038456,47,None,None,None,None,None,None,None,None,None,None,None,None,None,None,None,None,None,None,None,None,None,None,None,None,None,None
ERRE,GNSS-SDR,5692,2024-01-08 17:27:24.259200,47,None,None,None,None,None,None,None,None,None,None,None,None,None,None,None,None,None,None,None,None,None,None,None,None,None,None
ERRE,GNSS-SDR,5693,2024-01-08 17:27:24.475200,47,None,None,None,None,None,None,None,None,None,None,None,None,None,None,None,None,None,None,None,None,None,None,None,None,None,None
ERRE,GNSS-SDR,5694,2024-01-08 17:27:24.692503,47,None,None,None,None,None,None,None,None,None,None,None,None,None,None,None,None,None,None,None,None,None,None,None,None,None,None
ERRE,GNSS-SDR,5695,2024-01-08 17:27:24.909776,47,None,None,None,None,None,None,None,None,None,None,None,None,None,None,None,None,None,None,None,None,None,None,None,None,None,None
ERRE,GNSS-SDR,5696,2024-01-08 17:27:25.128168,47,None,None,None,None,None,None,None,None,None,None,None,None,None,None,None,None,None,None,None,None,None,None,None,None,None,None
ERRE,GNSS-SDR,5697,2024-01-08 17:27:25.350150,47,None,None,None,None,None,None,None,None,None,None,None,None,None,None,None,None,None,None,None,None,None,None,None,None,None,None
ERRE,GNSS-SDR,5698,2024-01-08 17:27:25.571970,47,None,None,None,None,None,None,None,None,None,None,None,None,None,None,None,None,None,None,None,None,None,None,None,None,None,None
ERRE,GNSS-SDR,5699,2024-01-08 17:27:25.799642,47,None,None,None,None,None,None,None,None,None,None,None,None,None,None,None,None,None,None,None,None,None,None,None,None,None,None
ERRE,GNSS-SDR,5700,2024-01-08 17:27:26.026227,47,None,None,None,None,None,None,None,None,None,None,None,None,None,None,None,None,None,None,None,None,None,None,None,None,None,None
ERRE,GNSS-SDR,5701,2024-01-08 17:27:26.251940,46,None,None,None,None,None,None,None,None,None,None,None,None,None,None,None,None,None,None,None,None,None,None,None,None,None,None
ERRE,GNSS-SDR,5702,2024-01-08 17:27:26.477790,47,None,None,None,None,None,None,None,None,None,None,None,None,None,None,None,None,None,None,None,None,None,None,None,None,None,None
ERRE,GNSS-SDR,5703,2024-01-08 17:27:26.704014,46,None,None,None,None,None,None,None,None,None,None,None,None,None,None,None,None,None,None,None,None,None,None,None,None,None,None
ERRE,GNSS-SDR,5704,2024-01-08 17:27:26.929629,47,None,None,None,None,None,None,None,None,None,None,None,None,None,None,None,None,None,None,None,None,None,None,None,None,None,None
ERRE,GNSS-SDR,5705,2024-01-08 17:27:27.156895,47,None,None,None,None,None,None,None,None,None,None,None,None,None,None,None,None,None,None,None,None,None,None,None,None,None,None
ERRE,GNSS-SDR,5706,2024-01-08 17:27:27.377312,47,None,None,None,None,None,None,None,None,None,None,None,None,None,None,None,None,None,None,None,None,None,None,None,None,None,None
ERRE,GNSS-SDR,5707,2024-01-08 17:27:27.594820,46,None,None,None,None,None,None,None,None,None,None,None,None,None,None,None,None,None,None,None,None,None,None,None,None,None,None
ERRE,GNSS-SDR,5708,2024-01-08 17:27:27.818638,46,None,None,None,None,None,None,None,None,None,None,None,None,None,None,None,None,None,None,None,None,None,None,None,None,None,None
ERRE,GNSS-SDR,5709,2024-01-08 17:27:28.044609,47,None,None,None,None,None,None,None,None,None,None,None,None,None,None,None,None,None,None,None,None,None,None,None,None,None,None
ERRE,GNSS-SDR,5710,2024-01-08 17:27:28.272274,47,None,None,None,None,None,None,None,None,None,None,None,None,None,None,None,None,None,None,None,None,None,None,None,None,None,None
ERRE,GNSS-SDR,5711,2024-01-08 17:27:28.499285,46,None,None,None,None,None,None,None,None,None,None,None,None,None,None,None,None,None,None,None,None,None,None,None,None,None,None
ERRE,GNSS-SDR,5712,2024-01-08 17:27:28.721129,46,None,None,None,None,None,None,None,None,None,None,None,None,None,None,None,None,None,None,None,None,None,None,None,None,None,None
ERRE,GNSS-SDR,5713,2024-01-08 17:27:28.942403,46,None,None,None,None,None,None,None,None,None,None,None,None,None,None,None,None,None,None,None,None,None,None,None,None,None,None
ERRE,GNSS-SDR,5714,2024-01-08 17:27:29.166515,46,None,None,None,None,None,None,None,None,None,None,None,None,None,None,None,None,None,None,None,None,None,None,None,None,None,None
ERRE,GNSS-SDR,5715,2024-01-08 17:27:29.390407,46,None,None,None,None,None,None,None,None,None,None,None,None,None,None,None,None,None,None,None,None,None,None,None,None,None,None
ERRE,GNSS-SDR,5716,2024-01-08 17:27:29.610527,46,None,None,None,None,None,None,None,None,None,None,None,None,None,None,None,None,None,None,None,None,None,None,None,None,None,None
ERRE,GNSS-SDR,5717,2024-01-08 17:27:29.830015,47,None,None,None,None,None,None,None,None,None,None,None,None,None,None,None,None,None,None,None,None,None,None,None,None,None,None
ERRE,GNSS-SDR,5718,2024-01-08 17:27:30.048104,47,None,None,None,None,None,None,None,None,None,None,None,None,None,None,None,None,None,None,None,None,None,None,None,None,None,None
ERRE,GNSS-SDR,5719,2024-01-08 17:27:30.269962,46,None,None,None,None,None,None,None,None,None,None,None,None,None,None,None,None,None,None,None,None,None,None,None,None,None,None
ERRE,GNSS-SDR,5720,2024-01-08 17:27:30.496219,46,None,None,None,None,None,None,None,None,None,None,None,None,None,None,None,None,None,None,None,None,None,None,None,None,None,None
ERRE,GNSS-SDR,5721,2024-01-08 17:27:30.717098,46,None,None,None,None,None,None,None,None,None,None,None,None,None,None,None,None,None,None,None,None,None,None,None,None,None,None
ERRE,GNSS-SDR,5722,2024-01-08 17:27:30.940446,46,None,None,None,None,None,None,None,None,None,None,None,None,None,None,None,None,None,None,None,None,None,None,None,None,None,None
ERRE,GNSS-SDR,5723,2024-01-08 17:27:31.167330,46,None,None,None,None,None,None,None,None,None,None,None,None,None,None,None,None,None,None,None,None,None,None,None,None,None,None
ERRE,GNSS-SDR,5724,2024-01-08 17:27:31.392095,46,None,None,None,None,None,None,None,None,None,None,None,None,None,None,None,None,None,None,None,None,None,None,None,None,None,None
ERRE,GNSS-SDR,5725,2024-01-08 17:27:31.616280,46,None,None,None,None,None,None,None,None,None,None,None,None,None,None,None,None,None,None,None,None,None,None,None,None,None,None
ERRE,GNSS-SDR,5726,2024-01-08 17:27:31.845262,46,None,None,None,None,None,None,None,None,None,None,None,None,None,None,None,None,None,None,None,None,None,None,None,None,None,None
ERRE,GNSS-SDR,5727,2024-01-08 17:27:32.070066,47,None,None,None,None,None,None,None,None,None,None,None,None,None,None,None,None,None,None,None,None,None,None,None,None,None,None
ERRE,GNSS-SDR,5728,2024-01-08 17:27:32.295928,46,None,None,None,None,None,None,None,None,None,None,None,None,None,None,None,None,None,None,None,None,None,None,None,None,None,None
ERRE,GNSS-SDR,5729,2024-01-08 17:27:32.518948,46,None,None,None,None,None,None,None,None,None,None,None,None,None,None,None,None,None,None,None,None,None,None,None,None,None,None
ERRE,GNSS-SDR,5730,2024-01-08 17:27:32.741791,46,None,None,None,None,None,None,None,None,None,None,None,None,None,None,None,None,None,None,None,None,None,None,None,None,None,None
ERRE,GNSS-SDR,5731,2024-01-08 17:27:32.967893,46,None,None,None,None,None,None,None,None,None,None,None,None,None,None,None,None,None,None,None,None,None,None,None,None,None,None
ERRE,GNSS-SDR,5732,2024-01-08 17:27:33.195911,46,None,None,None,None,None,None,None,None,None,None,None,None,None,None,None,None,None,None,None,None,None,None,None,None,None,None
ERRE,GNSS-SDR,5733,2024-01-08 17:27:33.414122,46,None,None,None,None,None,None,None,None,None,None,None,None,None,None,None,None,None,None,None,None,None,None,None,None,None,None
ERRE,GNSS-SDR,5734,2024-01-08 17:27:33.638142,47,None,None,None,None,None,None,None,None,None,None,None,None,None,None,None,None,None,None,None,None,None,None,None,None,None,None
ERRE,GNSS-SDR,5735,2024-01-08 17:27:33.866420,46,None,None,None,None,None,None,None,None,None,None,None,None,None,None,None,None,None,None,None,None,None,None,None,None,None,None
ERRE,GNSS-SDR,5736,2024-01-08 17:27:34.083224,47,None,None,None,None,None,None,None,None,None,None,None,None,None,None,None,None,None,None,None,None,None,None,None,None,None,None
ERRE,GNSS-SDR,5737,2024-01-08 17:27:34.305838,46,None,None,None,None,None,None,None,None,None,None,None,None,None,None,None,None,None,None,None,None,None,None,None,None,None,None
ERRE,GNSS-SDR,5738,2024-01-08 17:27:34.521935,46,None,None,None,None,None,None,None,None,None,None,None,None,None,None,None,None,None,None,None,None,None,None,None,None,None,None
ERRE,GNSS-SDR,5739,2024-01-08 17:27:34.742620,46,None,None,None,None,None,None,None,None,None,None,None,None,None,None,None,None,None,None,None,None,None,None,None,None,None,None
ERRE,GNSS-SDR,5740,2024-01-08 17:27:34.965579,47,None,None,None,None,None,None,None,None,None,None,None,None,None,None,None,None,None,None,None,None,None,None,None,None,None,None
ERRE,GNSS-SDR,5741,2024-01-08 17:27:35.193636,46,None,None,None,None,None,None,None,None,None,None,None,None,None,None,None,None,None,None,None,None,None,None,None,None,None,None
ERRE,GNSS-SDR,5742,2024-01-08 17:27:35.416192,46,None,None,None,None,None,None,None,None,None,None,None,None,None,None,None,None,None,None,None,None,None,None,None,None,None,None
ERRE,GNSS-SDR,5743,2024-01-08 17:27:35.640778,46,None,None,None,None,None,None,None,None,None,None,None,None,None,None,None,None,None,None,None,None,None,None,None,None,None,None
ERRE,GNSS-SDR,5744,2024-01-08 17:27:35.867473,46,None,None,None,None,None,None,None,None,None,None,None,None,None,None,None,None,None,None,None,None,None,None,None,None,None,None
ERRE,GNSS-SDR,5745,2024-01-08 17:27:36.092980,47,None,None,None,None,None,None,None,None,None,None,None,None,None,None,None,None,None,None,None,None,None,None,None,None,None,None
ERRE,GNSS-SDR,5746,2024-01-08 17:27:36.319949,46,None,None,None,None,None,None,None,None,None,None,None,None,None,None,None,None,None,None,None,None,None,None,None,None,None,None
ERRE,GNSS-SDR,5747,2024-01-08 17:27:36.546784,46,None,None,None,None,None,None,None,None,None,None,None,None,None,None,None,None,None,None,None,None,None,None,None,None,None,None
ERRE,GNSS-SDR,5748,2024-01-08 17:27:36.763771,46,None,None,None,None,None,None,None,None,None,None,None,None,None,None,None,None,None,None,None,None,None,None,None,None,None,None
ERRE,GNSS-SDR,5749,2024-01-08 17:27:36.987577,46,None,None,None,None,None,None,None,None,None,None,None,None,None,None,None,None,None,None,None,None,None,None,None,None,None,None
ERRE,GNSS-SDR,5750,2024-01-08 17:27:37.215257,46,None,None,None,None,None,None,None,None,None,None,None,None,None,None,None,None,None,None,None,None,None,None,None,None,None,None
ERRE,GNSS-SDR,5751,2024-01-08 17:27:37.443393,46,None,None,None,None,None,None,None,None,None,None,None,None,None,None,None,None,None,None,None,None,None,None,None,None,None,None
ERRE,GNSS-SDR,5752,2024-01-08 17:27:37.664721,46,None,None,None,None,None,None,None,None,None,None,None,None,None,None,None,None,None,None,None,None,None,None,None,None,None,None
ERRE,GNSS-SDR,5753,2024-01-08 17:27:37.891379,46,None,None,None,None,None,None,None,None,None,None,None,None,None,None,None,None,None,None,None,None,None,None,None,None,None,None
ERRE,GNSS-SDR,5754,2024-01-08 17:27:38.113667,46,None,None,None,None,None,None,None,None,None,None,None,None,None,None,None,None,None,None,None,None,None,None,None,None,None,None
ERRE,GNSS-SDR,5755,2024-01-08 17:27:38.336996,46,None,None,None,None,None,None,None,None,None,None,None,None,None,None,None,None,None,None,None,None,None,None,None,None,None,None
ERRE,GNSS-SDR,5756,2024-01-08 17:27:38.553592,46,None,None,None,None,None,None,None,None,None,None,None,None,None,None,None,None,None,None,None,None,None,None,None,None,None,None
ERRE,GNSS-SDR,5757,2024-01-08 17:27:38.772222,46,None,None,None,None,None,None,None,None,None,None,None,None,None,None,None,None,None,None,None,None,None,None,None,None,None,None
ERRE,GNSS-SDR,5758,2024-01-08 17:27:38.993970,46,None,None,None,None,None,None,None,None,None,None,None,None,None,None,None,None,None,None,None,None,None,None,None,None,None,None
ERRE,GNSS-SDR,5759,2024-01-08 17:27:39.211558,47,None,None,None,None,None,None,None,None,None,None,None,None,None,None,None,None,None,None,None,None,None,None,None,None,None,None
ERRE,GNSS-SDR,5760,2024-01-08 17:27:39.433125,46,None,None,None,None,None,None,None,None,None,None,None,None,None,None,None,None,None,None,None,None,None,None,None,None,None,None
ERRE,GNSS-SDR,5761,2024-01-08 17:27:39.650310,46,None,None,None,None,None,None,None,None,None,None,None,None,None,None,None,None,None,None,None,None,None,None,None,None,None,None
ERRE,GNSS-SDR,5762,2024-01-08 17:27:39.871209,46,None,None,None,None,None,None,None,None,None,None,None,None,None,None,None,None,None,None,None,None,None,None,None,None,None,None
ERRE,GNSS-SDR,5763,2024-01-08 17:27:40.084892,47,None,None,None,None,None,None,None,None,None,None,None,None,None,None,None,None,None,None,None,None,None,None,None,None,None,None
ERRE,GNSS-SDR,5764,2024-01-08 17:27:40.300229,46,None,None,None,None,None,None,None,None,None,None,None,None,None,None,None,None,None,None,None,None,None,None,None,None,None,None
ERRE,GNSS-SDR,5765,2024-01-08 17:27:40.517436,46,None,None,None,None,None,None,None,None,None,None,None,None,None,None,None,None,None,None,None,None,None,None,None,None,None,None
ERRE,GNSS-SDR,5766,2024-01-08 17:27:40.733605,46,None,None,None,None,None,None,None,None,None,None,None,None,None,None,None,None,None,None,None,None,None,None,None,None,None,None
ERRE,GNSS-SDR,5767,2024-01-08 17:27:40.971948,46,None,None,None,None,None,None,None,None,None,None,None,None,None,None,None,None,None,None,None,None,None,None,None,None,None,None
ERRE,GNSS-SDR,5768,2024-01-08 17:27:41.190891,47,None,None,None,None,None,None,None,None,None,None,None,None,None,None,None,None,None,None,None,None,None,None,None,None,None,None
ERRE,GNSS-SDR,5769,2024-01-08 17:27:41.408958,46,None,None,None,None,None,None,None,None,None,None,None,None,None,None,None,None,None,None,None,None,None,None,None,None,None,None
ERRE,GNSS-SDR,5770,2024-01-08 17:27:41.624575,47,None,None,None,None,None,None,None,None,None,None,None,None,None,None,None,None,None,None,None,None,None,None,None,None,None,None
ERRE,GNSS-SDR,5771,2024-01-08 17:27:41.840274,47,None,None,None,None,None,None,None,None,None,None,None,None,None,None,None,None,None,None,None,None,None,None,None,None,None,None
ERRE,GNSS-SDR,5772,2024-01-08 17:27:42.063079,46,None,None,None,None,None,None,None,None,None,None,None,None,None,None,None,None,None,None,None,None,None,None,None,None,None,None
ERRE,GNSS-SDR,5773,2024-01-08 17:27:42.284785,47,None,None,None,None,None,None,None,None,None,None,None,None,None,None,None,None,None,None,None,None,None,None,None,None,None,None
ERRE,GNSS-SDR,5774,2024-01-08 17:27:42.498705,47,None,None,None,None,None,None,None,None,None,None,None,None,None,None,None,None,None,None,None,None,None,None,None,None,None,None
ERRE,GNSS-SDR,5775,2024-01-08 17:27:42.715175,46,None,None,None,None,None,None,None,None,None,None,None,None,None,None,None,None,None,None,None,None,None,None,None,None,None,None
ERRE,GNSS-SDR,5776,2024-01-08 17:27:42.938996,46,None,None,None,None,None,None,None,None,None,None,None,None,None,None,None,None,None,None,None,None,None,None,None,None,None,None
ERRE,GNSS-SDR,5777,2024-01-08 17:27:43.159945,46,None,None,None,None,None,None,None,None,None,None,None,None,None,None,None,None,None,None,None,None,None,None,None,None,None,None
ERRE,GNSS-SDR,5778,2024-01-08 17:27:43.384271,46,None,None,None,None,None,None,None,None,None,None,None,None,None,None,None,None,None,None,None,None,None,None,None,None,None,None
ERRE,GNSS-SDR,5779,2024-01-08 17:27:43.602277,46,None,None,None,None,None,None,None,None,None,None,None,None,None,None,None,None,None,None,None,None,None,None,None,None,None,None
ERRE,GNSS-SDR,5780,2024-01-08 17:27:43.819680,47,None,None,None,None,None,None,None,None,None,None,None,None,None,None,None,None,None,None,None,None,None,None,None,None,None,None
ERRE,GNSS-SDR,5781,2024-01-08 17:27:44.033116,47,None,None,None,None,None,None,None,None,None,None,None,None,None,None,None,None,None,None,None,None,None,None,None,None,None,None
ERRE,GNSS-SDR,5782,2024-01-08 17:27:44.251348,47,None,None,None,None,None,None,None,None,None,None,None,None,None,None,None,None,None,None,None,None,None,None,None,None,None,None
ERRE,GNSS-SDR,5783,2024-01-08 17:27:44.471412,46,None,None,None,None,None,None,None,None,None,None,None,None,None,None,None,None,None,None,None,None,None,None,None,None,None,None
ERRE,GNSS-SDR,5784,2024-01-08 17:27:44.691177,46,None,None,None,None,None,None,None,None,None,None,None,None,None,None,None,None,None,None,None,None,None,None,None,None,None,None
ERRE,GNSS-SDR,5785,2024-01-08 17:27:44.904809,46,None,None,None,None,None,None,None,None,None,None,None,None,None,None,None,None,None,None,None,None,None,None,None,None,None,None
ERRE,GNSS-SDR,5786,2024-01-08 17:27:45.118234,47,None,None,None,None,None,None,None,None,None,None,None,None,None,None,None,None,None,None,None,None,None,None,None,None,None,None
ERRE,GNSS-SDR,5787,2024-01-08 17:27:45.333257,47,None,None,None,None,None,None,None,None,None,None,None,None,None,None,None,None,None,None,None,None,None,None,None,None,None,None
ERRE,GNSS-SDR,5788,2024-01-08 17:27:45.552272,47,None,None,None,None,None,None,None,None,None,None,None,None,None,None,None,None,None,None,None,None,None,None,None,None,None,None
ERRE,GNSS-SDR,5789,2024-01-08 17:27:45.767959,47,None,None,None,None,None,None,None,None,None,None,None,None,None,None,None,None,None,None,None,None,None,None,None,None,None,None
ERRE,GNSS-SDR,5790,2024-01-08 17:27:45.981572,47,None,None,None,None,None,None,None,None,None,None,None,None,None,None,None,None,None,None,None,None,None,None,None,None,None,None
ERRE,GNSS-SDR,5791,2024-01-08 17:27:46.195899,47,None,None,None,None,None,None,None,None,None,None,None,None,None,None,None,None,None,None,None,None,None,None,None,None,None,None
ERRE,GNSS-SDR,5792,2024-01-08 17:27:46.408317,47,None,None,None,None,None,None,None,None,None,None,None,None,None,None,None,None,None,None,None,None,None,None,None,None,None,None
ERRE,GNSS-SDR,5793,2024-01-08 17:27:46.621355,47,None,None,None,None,None,None,None,None,None,None,None,None,None,None,None,None,None,None,None,None,None,None,None,None,None,None
ERRE,GNSS-SDR,5794,2024-01-08 17:27:46.836655,47,None,None,None,None,None,None,None,None,None,None,None,None,None,None,None,None,None,None,None,None,None,None,None,None,None,None
ERRE,GNSS-SDR,5795,2024-01-08 17:27:47.049844,47,None,None,None,None,None,None,None,None,None,None,None,None,None,None,None,None,None,None,None,None,None,None,None,None,None,None
ERRE,GNSS-SDR,5796,2024-01-08 17:27:47.263409,47,None,None,None,None,None,None,None,None,None,None,None,None,None,None,None,None,None,None,None,None,None,None,None,None,None,None
ERRE,GNSS-SDR,5797,2024-01-08 17:27:47.477460,47,None,None,None,None,None,None,None,None,None,None,None,None,None,None,None,None,None,None,None,None,None,None,None,None,None,None
ERRE,GNSS-SDR,5798,2024-01-08 17:27:47.690440,47,None,None,None,None,None,None,None,None,None,None,None,None,None,None,None,None,None,None,None,None,None,None,None,None,None,None
ERRE,GNSS-SDR,5799,2024-01-08 17:27:47.904203,47,None,None,None,None,None,None,None,None,None,None,None,None,None,None,None,None,None,None,None,None,None,None,None,None,None,None
ERRE,GNSS-SDR,5800,2024-01-08 17:27:48.118752,47,None,None,None,None,None,None,None,None,None,None,None,None,None,None,None,None,None,None,None,None,None,None,None,None,None,None
ERRE,GNSS-SDR,5801,2024-01-08 17:27:48.335985,47,None,None,None,None,None,None,None,None,None,None,None,None,None,None,None,None,None,None,None,None,None,None,None,None,None,None
ERRE,GNSS-SDR,5802,2024-01-08 17:27:48.549897,47,None,None,None,None,None,None,None,None,None,None,None,None,None,None,None,None,None,None,None,None,None,None,None,None,None,None
ERRE,GNSS-SDR,5803,2024-01-08 17:27:48.763264,47,None,None,None,None,None,None,None,None,None,None,None,None,None,None,None,None,None,None,None,None,None,None,None,None,None,None
ERRE,GNSS-SDR,5804,2024-01-08 17:27:48.979103,47,None,None,None,None,None,None,None,None,None,None,None,None,None,None,None,None,None,None,None,None,None,None,None,None,None,None
ERRE,GNSS-SDR,5805,2024-01-08 17:27:49.195682,47,None,None,None,None,None,None,None,None,None,None,None,None,None,None,None,None,None,None,None,None,None,None,None,None,None,None
ERRE,GNSS-SDR,5806,2024-01-08 17:27:49.411451,47,None,None,None,None,None,None,None,None,None,None,None,None,None,None,None,None,None,None,None,None,None,None,None,None,None,None
ERRE,GNSS-SDR,5807,2024-01-08 17:27:49.625273,47,None,None,None,None,None,None,None,None,None,None,None,None,None,None,None,None,None,None,None,None,None,None,None,None,None,None
ERRE,GNSS-SDR,5808,2024-01-08 17:27:49.842503,47,None,None,None,None,None,None,None,None,None,None,None,None,None,None,None,None,None,None,None,None,None,None,None,None,None,None
ERRE,GNSS-SDR,5809,2024-01-08 17:27:50.058107,47,None,None,None,None,None,None,None,None,None,None,None,None,None,None,None,None,None,None,None,None,None,None,None,None,None,None
ERRE,GNSS-SDR,5810,2024-01-08 17:27:50.271508,47,None,None,None,None,None,None,None,None,None,None,None,None,None,None,None,None,None,None,None,None,None,None,None,None,None,None
ERRE,GNSS-SDR,5811,2024-01-08 17:27:50.487963,47,None,None,None,None,None,None,None,None,None,None,None,None,None,None,None,None,None,None,None,None,None,None,None,None,None,None
ERRE,GNSS-SDR,5812,2024-01-08 17:27:50.701894,47,None,None,None,None,None,None,None,None,None,None,None,None,None,None,None,None,None,None,None,None,None,None,None,None,None,None
ERRE,GNSS-SDR,5813,2024-01-08 17:27:50.917864,47,None,None,None,None,None,None,None,None,None,None,None,None,None,None,None,None,None,None,None,None,None,None,None,None,None,None
ERRE,GNSS-SDR,5814,2024-01-08 17:27:51.132932,47,None,None,None,None,None,None,None,None,None,None,None,None,None,None,None,None,None,None,None,None,None,None,None,None,None,None
ERRE,GNSS-SDR,5815,2024-01-08 17:27:51.347593,47,None,None,None,None,None,None,None,None,None,None,None,None,None,None,None,None,None,None,None,None,None,None,None,None,None,None
ERRE,GNSS-SDR,5816,2024-01-08 17:27:51.564503,47,None,None,None,None,None,None,None,None,None,None,None,None,None,None,None,None,None,None,None,None,None,None,None,None,None,None
ERRE,GNSS-SDR,5817,2024-01-08 17:27:51.780504,47,None,None,None,None,None,None,None,None,None,None,None,None,None,None,None,None,None,None,None,None,None,None,None,None,None,None
ERRE,GNSS-SDR,5818,2024-01-08 17:27:52.002162,47,None,None,None,None,None,None,None,None,None,None,None,None,None,None,None,None,None,None,None,None,None,None,None,None,None,None
ERRE,GNSS-SDR,5819,2024-01-08 17:27:52.214716,47,None,None,None,None,None,None,None,None,None,None,None,None,None,None,None,None,None,None,None,None,None,None,None,None,None,None
ERRE,GNSS-SDR,5820,2024-01-08 17:27:52.430456,47,None,None,None,None,None,None,None,None,None,None,None,None,None,None,None,None,None,None,None,None,None,None,None,None,None,None
ERRE,GNSS-SDR,5821,2024-01-08 17:27:52.654764,47,None,None,None,None,None,None,None,None,None,None,None,None,None,None,None,None,None,None,None,None,None,None,None,None,None,None
ERRE,GNSS-SDR,5822,2024-01-08 17:27:52.871857,47,None,None,None,None,None,None,None,None,None,None,None,None,None,None,None,None,None,None,None,None,None,None,None,None,None,None
ERRE,GNSS-SDR,5823,2024-01-08 17:27:53.089414,47,None,None,None,None,None,None,None,None,None,None,None,None,None,None,None,None,None,None,None,None,None,None,None,None,None,None
ERRE,GNSS-SDR,5824,2024-01-08 17:27:53.309277,47,None,None,None,None,None,None,None,None,None,None,None,None,None,None,None,None,None,None,None,None,None,None,None,None,None,None
ERRE,GNSS-SDR,5825,2024-01-08 17:27:53.524645,47,None,None,None,None,None,None,None,None,None,None,None,None,None,None,None,None,None,None,None,None,None,None,None,None,None,None
ERRE,GNSS-SDR,5826,2024-01-08 17:27:53.738902,47,None,None,None,None,None,None,None,None,None,None,None,None,None,None,None,None,None,None,None,None,None,None,None,None,None,None
ERRE,GNSS-SDR,5827,2024-01-08 17:27:53.953763,47,None,None,None,None,None,None,None,None,None,None,None,None,None,None,None,None,None,None,None,None,None,None,None,None,None,None
ERRE,GNSS-SDR,5828,2024-01-08 17:27:54.171192,47,None,None,None,None,None,None,None,None,None,None,None,None,None,None,None,None,None,None,None,None,None,None,None,None,None,None
ERRE,GNSS-SDR,5829,2024-01-08 17:27:54.392044,47,None,None,None,None,None,None,None,None,None,None,None,None,None,None,None,None,None,None,None,None,None,None,None,None,None,None
ERRE,GNSS-SDR,5830,2024-01-08 17:27:54.610576,47,None,None,None,None,None,None,None,None,None,None,None,None,None,None,None,None,None,None,None,None,None,None,None,None,None,None
ERRE,GNSS-SDR,5831,2024-01-08 17:27:54.829239,47,None,None,None,None,None,None,None,None,None,None,None,None,None,None,None,None,None,None,None,None,None,None,None,None,None,None
ERRE,GNSS-SDR,5832,2024-01-08 17:27:55.044959,47,None,None,None,None,None,None,None,None,None,None,None,None,None,None,None,None,None,None,None,None,None,None,None,None,None,None
ERRE,GNSS-SDR,5833,2024-01-08 17:27:55.259974,47,None,None,None,None,None,None,None,None,None,None,None,None,None,None,None,None,None,None,None,None,None,None,None,None,None,None
ERRE,GNSS-SDR,5834,2024-01-08 17:27:55.476438,47,None,None,None,None,None,None,None,None,None,None,None,None,None,None,None,None,None,None,None,None,None,None,None,None,None,None
ERRE,GNSS-SDR,5835,2024-01-08 17:27:55.691222,47,None,None,None,None,None,None,None,None,None,None,None,None,None,None,None,None,None,None,None,None,None,None,None,None,None,None
ERRE,GNSS-SDR,5836,2024-01-08 17:27:55.907480,47,None,None,None,None,None,None,None,None,None,None,None,None,None,None,None,None,None,None,None,None,None,None,None,None,None,None
ERRE,GNSS-SDR,5837,2024-01-08 17:27:56.127288,47,None,None,None,None,None,None,None,None,None,None,None,None,None,None,None,None,None,None,None,None,None,None,None,None,None,None
ERRE,GNSS-SDR,5838,2024-01-08 17:27:56.356173,47,None,None,None,None,None,None,None,None,None,None,None,None,None,None,None,None,None,None,None,None,None,None,None,None,None,None
ERRE,GNSS-SDR,5839,2024-01-08 17:27:56.573991,47,None,None,None,None,None,None,None,None,None,None,None,None,None,None,None,None,None,None,None,None,None,None,None,None,None,None
ERRE,GNSS-SDR,5840,2024-01-08 17:27:56.791030,47,None,None,None,None,None,None,None,None,None,None,None,None,None,None,None,None,None,None,None,None,None,None,None,None,None,None
ERRE,GNSS-SDR,5841,2024-01-08 17:27:57.009031,47,None,None,None,None,None,None,None,None,None,None,None,None,None,None,None,None,None,None,None,None,None,None,None,None,None,None
ERRE,GNSS-SDR,5842,2024-01-08 17:27:57.225547,47,None,None,None,None,None,None,None,None,None,None,None,None,None,None,None,None,None,None,None,None,None,None,None,None,None,None
ERRE,GNSS-SDR,5843,2024-01-08 17:27:57.443420,47,None,None,None,None,None,None,None,None,None,None,None,None,None,None,None,None,None,None,None,None,None,None,None,None,None,None
ERRE,GNSS-SDR,5844,2024-01-08 17:27:57.662125,47,None,None,None,None,None,None,None,None,None,None,None,None,None,None,None,None,None,None,None,None,None,None,None,None,None,None
ERRE,GNSS-SDR,5845,2024-01-08 17:27:57.880833,47,None,None,None,None,None,None,None,None,None,None,None,None,None,None,None,None,None,None,None,None,None,None,None,None,None,None
ERRE,GNSS-SDR,5846,2024-01-08 17:27:58.110345,47,None,None,None,None,None,None,None,None,None,None,None,None,None,None,None,None,None,None,None,None,None,None,None,None,None,None
ERRE,GNSS-SDR,5847,2024-01-08 17:27:58.323672,47,None,None,None,None,None,None,None,None,None,None,None,None,None,None,None,None,None,None,None,None,None,None,None,None,None,None
ERRE,GNSS-SDR,5848,2024-01-08 17:27:58.543550,47,None,None,None,None,None,None,None,None,None,None,None,None,None,None,None,None,None,None,None,None,None,None,None,None,None,None
ERRE,GNSS-SDR,5849,2024-01-08 17:27:58.768150,47,None,None,None,None,None,None,None,None,None,None,None,None,None,None,None,None,None,None,None,None,None,None,None,None,None,None
ERRE,GNSS-SDR,5850,2024-01-08 17:27:58.990064,47,None,None,None,None,None,None,None,None,None,None,None,None,None,None,None,None,None,None,None,None,None,None,None,None,None,None
ERRE,GNSS-SDR,5851,2024-01-08 17:27:59.205614,47,None,None,None,None,None,None,None,None,None,None,None,None,None,None,None,None,None,None,None,None,None,None,None,None,None,None
ERRE,GNSS-SDR,5852,2024-01-08 17:27:59.430862,47,None,None,None,None,None,None,None,None,None,None,None,None,None,None,None,None,None,None,None,None,None,None,None,None,None,None
ERRE,GNSS-SDR,5853,2024-01-08 17:27:59.659555,47,None,None,None,None,None,None,None,None,None,None,None,None,None,None,None,None,None,None,None,None,None,None,None,None,None,None
ERRE,GNSS-SDR,5854,2024-01-08 17:27:59.882118,47,None,None,None,None,None,None,None,None,None,None,None,None,None,None,None,None,None,None,None,None,None,None,None,None,None,None
ERRE,GNSS-SDR,5855,2024-01-08 17:28:00.104239,47,None,None,None,None,None,None,None,None,None,None,None,None,None,None,None,None,None,None,None,None,None,None,None,None,None,None
ERRE,GNSS-SDR,5856,2024-01-08 17:28:00.332806,47,None,None,None,None,None,None,None,None,None,None,None,None,None,None,None,None,None,None,None,None,None,None,None,None,None,None
ERRE,GNSS-SDR,5857,2024-01-08 17:28:00.560480,47,None,None,None,None,None,None,None,None,None,None,None,None,None,None,None,None,None,None,None,None,None,None,None,None,None,None
ERRE,GNSS-SDR,5858,2024-01-08 17:28:00.783318,47,None,None,None,None,None,None,None,None,None,None,None,None,None,None,None,None,None,None,None,None,None,None,None,None,None,None
ERRE,GNSS-SDR,5859,2024-01-08 17:28:01.008281,47,None,None,None,None,None,None,None,None,None,None,None,None,None,None,None,None,None,None,None,None,None,None,None,None,None,None
ERRE,GNSS-SDR,5860,2024-01-08 17:28:01.230077,47,None,None,None,None,None,None,None,None,None,None,None,None,None,None,None,None,None,None,None,None,None,None,None,None,None,None
ERRE,GNSS-SDR,5861,2024-01-08 17:28:01.446682,46,None,None,None,None,None,None,None,None,None,None,None,None,None,None,None,None,None,None,None,None,None,None,None,None,None,None
ERRE,GNSS-SDR,5862,2024-01-08 17:28:01.662953,47,None,None,None,None,None,None,None,None,None,None,None,None,None,None,None,None,None,None,None,None,None,None,None,None,None,None
ERRE,GNSS-SDR,5863,2024-01-08 17:28:01.880184,47,None,None,None,None,None,None,None,None,None,None,None,None,None,None,None,None,None,None,None,None,None,None,None,None,None,None
ERRE,GNSS-SDR,5864,2024-01-08 17:28:02.102479,47,None,None,None,None,None,None,None,None,None,None,None,None,None,None,None,None,None,None,None,None,None,None,None,None,None,None
ERRE,GNSS-SDR,5865,2024-01-08 17:28:02.327994,47,None,None,None,None,None,None,None,None,None,None,None,None,None,None,None,None,None,None,None,None,None,None,None,None,None,None
ERRE,GNSS-SDR,5866,2024-01-08 17:28:02.556092,46,None,None,None,None,None,None,None,None,None,None,None,None,None,None,None,None,None,None,None,None,None,None,None,None,None,None
ERRE,GNSS-SDR,5867,2024-01-08 17:28:02.785252,47,None,None,None,None,None,None,None,None,None,None,None,None,None,None,None,None,None,None,None,None,None,None,None,None,None,None
ERRE,GNSS-SDR,5868,2024-01-08 17:28:03.013011,47,None,None,None,None,None,None,None,None,None,None,None,None,None,None,None,None,None,None,None,None,None,None,None,None,None,None
ERRE,GNSS-SDR,5869,2024-01-08 17:28:03.240740,47,None,None,None,None,None,None,None,None,None,None,None,None,None,None,None,None,None,None,None,None,None,None,None,None,None,None
ERRE,GNSS-SDR,5870,2024-01-08 17:28:03.471361,47,None,None,None,None,None,None,None,None,None,None,None,None,None,None,None,None,None,None,None,None,None,None,None,None,None,None
ERRE,GNSS-SDR,5871,2024-01-08 17:28:03.689028,46,None,None,None,None,None,None,None,None,None,None,None,None,None,None,None,None,None,None,None,None,None,None,None,None,None,None
ERRE,GNSS-SDR,5872,2024-01-08 17:28:03.915552,47,None,None,None,None,None,None,None,None,None,None,None,None,None,None,None,None,None,None,None,None,None,None,None,None,None,None
ERRE,GNSS-SDR,5873,2024-01-08 17:28:04.137546,47,None,None,None,None,None,None,None,None,None,None,None,None,None,None,None,None,None,None,None,None,None,None,None,None,None,None
ERRE,GNSS-SDR,5874,2024-01-08 17:28:04.364516,47,None,None,None,None,None,None,None,None,None,None,None,None,None,None,None,None,None,None,None,None,None,None,None,None,None,None
ERRE,GNSS-SDR,5875,2024-01-08 17:28:04.583745,47,None,None,None,None,None,None,None,None,None,None,None,None,None,None,None,None,None,None,None,None,None,None,None,None,None,None
ERRE,GNSS-SDR,5876,2024-01-08 17:28:04.812359,47,None,None,None,None,None,None,None,None,None,None,None,None,None,None,None,None,None,None,None,None,None,None,None,None,None,None
ERRE,GNSS-SDR,5877,2024-01-08 17:28:05.037502,47,None,None,None,None,None,None,None,None,None,None,None,None,None,None,None,None,None,None,None,None,None,None,None,None,None,None
ERRE,GNSS-SDR,5878,2024-01-08 17:28:05.257021,46,None,None,None,None,None,None,None,None,None,None,None,None,None,None,None,None,None,None,None,None,None,None,None,None,None,None
ERRE,GNSS-SDR,5879,2024-01-08 17:28:05.482777,47,None,None,None,None,None,None,None,None,None,None,None,None,None,None,None,None,None,None,None,None,None,None,None,None,None,None
ERRE,GNSS-SDR,5880,2024-01-08 17:28:05.702840,46,None,None,None,None,None,None,None,None,None,None,None,None,None,None,None,None,None,None,None,None,None,None,None,None,None,None
ERRE,GNSS-SDR,5881,2024-01-08 17:28:05.919369,46,None,None,None,None,None,None,None,None,None,None,None,None,None,None,None,None,None,None,None,None,None,None,None,None,None,None
ERRE,GNSS-SDR,5882,2024-01-08 17:28:06.137113,47,None,None,None,None,None,None,None,None,None,None,None,None,None,None,None,None,None,None,None,None,None,None,None,None,None,None
ERRE,GNSS-SDR,5883,2024-01-08 17:28:06.355811,47,None,None,None,None,None,None,None,None,None,None,None,None,None,None,None,None,None,None,None,None,None,None,None,None,None,None
ERRE,GNSS-SDR,5884,2024-01-08 17:28:06.572695,47,None,None,None,None,None,None,None,None,None,None,None,None,None,None,None,None,None,None,None,None,None,None,None,None,None,None
ERRE,GNSS-SDR,5885,2024-01-08 17:28:06.790304,47,None,None,None,None,None,None,None,None,None,None,None,None,None,None,None,None,None,None,None,None,None,None,None,None,None,None
ERRE,GNSS-SDR,5886,2024-01-08 17:28:07.011729,47,None,None,None,None,None,None,None,None,None,None,None,None,None,None,None,None,None,None,None,None,None,None,None,None,None,None
ERRE,GNSS-SDR,5887,2024-01-08 17:28:07.234124,47,None,None,None,None,None,None,None,None,None,None,None,None,None,None,None,None,None,None,None,None,None,None,None,None,None,None
ERRE,GNSS-SDR,5888,2024-01-08 17:28:07.459080,47,None,None,None,None,None,None,None,None,None,None,None,None,None,None,None,None,None,None,None,None,None,None,None,None,None,None
ERRE,GNSS-SDR,5889,2024-01-08 17:28:07.682423,47,None,None,None,None,None,None,None,None,None,None,None,None,None,None,None,None,None,None,None,None,None,None,None,None,None,None
ERRE,GNSS-SDR,5890,2024-01-08 17:28:07.899015,47,None,None,None,None,None,None,None,None,None,None,None,None,None,None,None,None,None,None,None,None,None,None,None,None,None,None
ERRE,GNSS-SDR,5891,2024-01-08 17:28:08.116062,46,None,None,None,None,None,None,None,None,None,None,None,None,None,None,None,None,None,None,None,None,None,None,None,None,None,None
ERRE,GNSS-SDR,5892,2024-01-08 17:28:08.332812,46,None,None,None,None,None,None,None,None,None,None,None,None,None,None,None,None,None,None,None,None,None,None,None,None,None,None
ERRE,GNSS-SDR,5893,2024-01-08 17:28:08.554639,47,None,None,None,None,None,None,None,None,None,None,None,None,None,None,None,None,None,None,None,None,None,None,None,None,None,None
ERRE,GNSS-SDR,5894,2024-01-08 17:28:08.772875,47,None,None,None,None,None,None,None,None,None,None,None,None,None,None,None,None,None,None,None,None,None,None,None,None,None,None
ERRE,GNSS-SDR,5895,2024-01-08 17:28:08.993532,47,None,None,None,None,None,None,None,None,None,None,None,None,None,None,None,None,None,None,None,None,None,None,None,None,None,None
ERRE,GNSS-SDR,5896,2024-01-08 17:28:09.223577,46,None,None,None,None,None,None,None,None,None,None,None,None,None,None,None,None,None,None,None,None,None,None,None,None,None,None
ERRE,GNSS-SDR,5897,2024-01-08 17:28:09.448148,47,None,None,None,None,None,None,None,None,None,None,None,None,None,None,None,None,None,None,None,None,None,None,None,None,None,None
ERRE,GNSS-SDR,5898,2024-01-08 17:28:09.673021,46,None,None,None,None,None,None,None,None,None,None,None,None,None,None,None,None,None,None,None,None,None,None,None,None,None,None
ERRE,GNSS-SDR,5899,2024-01-08 17:28:09.891875,47,None,None,None,None,None,None,None,None,None,None,None,None,None,None,None,None,None,None,None,None,None,None,None,None,None,None
ERRE,GNSS-SDR,5900,2024-01-08 17:28:10.120643,47,None,None,None,None,None,None,None,None,None,None,None,None,None,None,None,None,None,None,None,None,None,None,None,None,None,None
ERRE,GNSS-SDR,5901,2024-01-08 17:28:10.347809,46,None,None,None,None,None,None,None,None,None,None,None,None,None,None,None,None,None,None,None,None,None,None,None,None,None,None
ERRE,GNSS-SDR,5902,2024-01-08 17:28:10.569914,46,None,None,None,None,None,None,None,None,None,None,None,None,None,None,None,None,None,None,None,None,None,None,None,None,None,None
ERRE,GNSS-SDR,5903,2024-01-08 17:28:10.791931,47,None,None,None,None,None,None,None,None,None,None,None,None,None,None,None,None,None,None,None,None,None,None,None,None,None,None
ERRE,GNSS-SDR,5904,2024-01-08 17:28:11.020145,46,None,None,None,None,None,None,None,None,None,None,None,None,None,None,None,None,None,None,None,None,None,None,None,None,None,None
ERRE,GNSS-SDR,5905,2024-01-08 17:28:11.241559,47,None,None,None,None,None,None,None,None,None,None,None,None,None,None,None,None,None,None,None,None,None,None,None,None,None,None
ERRE,GNSS-SDR,5906,2024-01-08 17:28:11.464779,46,None,None,None,None,None,None,None,None,None,None,None,None,None,None,None,None,None,None,None,None,None,None,None,None,None,None
ERRE,GNSS-SDR,5907,2024-01-08 17:28:11.694942,46,None,None,None,None,None,None,None,None,None,None,None,None,None,None,None,None,None,None,None,None,None,None,None,None,None,None
ERRE,GNSS-SDR,5908,2024-01-08 17:28:11.909540,47,None,None,None,None,None,None,None,None,None,None,None,None,None,None,None,None,None,None,None,None,None,None,None,None,None,None
ERRE,GNSS-SDR,5909,2024-01-08 17:28:12.128484,46,None,None,None,None,None,None,None,None,None,None,None,None,None,None,None,None,None,None,None,None,None,None,None,None,None,None
ERRE,GNSS-SDR,5910,2024-01-08 17:28:12.357030,46,None,None,None,None,None,None,None,None,None,None,None,None,None,None,None,None,None,None,None,None,None,None,None,None,None,None
ERRE,GNSS-SDR,5911,2024-01-08 17:28:12.588701,47,None,None,None,None,None,None,None,None,None,None,None,None,None,None,None,None,None,None,None,None,None,None,None,None,None,None
ERRE,GNSS-SDR,5912,2024-01-08 17:28:12.812736,46,None,None,None,None,None,None,None,None,None,None,None,None,None,None,None,None,None,None,None,None,None,None,None,None,None,None
ERRE,GNSS-SDR,5913,2024-01-08 17:28:13.031616,46,None,None,None,None,None,None,None,None,None,None,None,None,None,None,None,None,None,None,None,None,None,None,None,None,None,None
ERRE,GNSS-SDR,5914,2024-01-08 17:28:13.256405,46,None,None,None,None,None,None,None,None,None,None,None,None,None,None,None,None,None,None,None,None,None,None,None,None,None,None
ERRE,GNSS-SDR,5915,2024-01-08 17:28:13.484084,46,None,None,None,None,None,None,None,None,None,None,None,None,None,None,None,None,None,None,None,None,None,None,None,None,None,None
ERRE,GNSS-SDR,5916,2024-01-08 17:28:13.707142,46,None,None,None,None,None,None,None,None,None,None,None,None,None,None,None,None,None,None,None,None,None,None,None,None,None,None
ERRE,GNSS-SDR,5917,2024-01-08 17:28:13.935935,46,None,None,None,None,None,None,None,None,None,None,None,None,None,None,None,None,None,None,None,None,None,None,None,None,None,None
ERRE,GNSS-SDR,5918,2024-01-08 17:28:14.156580,47,None,None,None,None,None,None,None,None,None,None,None,None,None,None,None,None,None,None,None,None,None,None,None,None,None,None
ERRE,GNSS-SDR,5919,2024-01-08 17:28:14.399088,47,None,None,None,None,None,None,None,None,None,None,None,None,None,None,None,None,None,None,None,None,None,None,None,None,None,None
ERRE,GNSS-SDR,5920,2024-01-08 17:28:14.623835,47,None,None,None,None,None,None,None,None,None,None,None,None,None,None,None,None,None,None,None,None,None,None,None,None,None,None
ERRE,GNSS-SDR,5921,2024-01-08 17:28:14.835651,47,None,None,None,None,None,None,None,None,None,None,None,None,None,None,None,None,None,None,None,None,None,None,None,None,None,None
ERRE,GNSS-SDR,5922,2024-01-08 17:28:15.058306,46,None,None,None,None,None,None,None,None,None,None,None,None,None,None,None,None,None,None,None,None,None,None,None,None,None,None
ERRE,GNSS-SDR,5923,2024-01-08 17:28:15.275012,47,None,None,None,None,None,None,None,None,None,None,None,None,None,None,None,None,None,None,None,None,None,None,None,None,None,None
ERRE,GNSS-SDR,5924,2024-01-08 17:28:15.497039,46,None,None,None,None,None,None,None,None,None,None,None,None,None,None,None,None,None,None,None,None,None,None,None,None,None,None
ERRE,GNSS-SDR,5925,2024-01-08 17:28:15.728593,46,None,None,None,None,None,None,None,None,None,None,None,None,None,None,None,None,None,None,None,None,None,None,None,None,None,None
ERRE,GNSS-SDR,5926,2024-01-08 17:28:15.955735,46,None,None,None,None,None,None,None,None,None,None,None,None,None,None,None,None,None,None,None,None,None,None,None,None,None,None
ERRE,GNSS-SDR,5927,2024-01-08 17:28:16.181153,46,None,None,None,None,None,None,None,None,None,None,None,None,None,None,None,None,None,None,None,None,None,None,None,None,None,None
ERRE,GNSS-SDR,5928,2024-01-08 17:28:16.407894,46,None,None,None,None,None,None,None,None,None,None,None,None,None,None,None,None,None,None,None,None,None,None,None,None,None,None
ERRE,GNSS-SDR,5929,2024-01-08 17:28:16.623897,47,None,None,None,None,None,None,None,None,None,None,None,None,None,None,None,None,None,None,None,None,None,None,None,None,None,None
ERRE,GNSS-SDR,5930,2024-01-08 17:28:16.845667,46,None,None,None,None,None,None,None,None,None,None,None,None,None,None,None,None,None,None,None,None,None,None,None,None,None,None
ERRE,GNSS-SDR,5931,2024-01-08 17:28:17.077476,46,None,None,None,None,None,None,None,None,None,None,None,None,None,None,None,None,None,None,None,None,None,None,None,None,None,None
ERRE,GNSS-SDR,5932,2024-01-08 17:28:17.298489,46,None,None,None,None,None,None,None,None,None,None,None,None,None,None,None,None,None,None,None,None,None,None,None,None,None,None
